0,,,,,,,,,,17
3331,0.06703765,0.49799395,9.605537,,,,,,,
3332,,,,0,0,0,,,,
3336,,,,0,0,0,,,,
3341,-0.02873042,0.46926352,9.682152,,,,,,,
3341,,,,0,0,0,,,,
3347,,,,0,0,0,,,,
3347,,,,,,,35.4375,-24.4375,-39.5,
3351,0.076614454,0.4309563,9.548077,,,,,,,
3352,,,,0,0,0,,,,
3356,,,,0,0,0,,,,
3361,0.1340753,0.4213795,9.576807,,,,,,,
3362,,,,0,0,0,,,,
3367,,,,-0.05113425,-0.119313255,0.09587672,,,,
3368,,,,,,,33.25,-36.125,-40.1875,
3371,0.12449849,0.39264908,9.548077,,,,,,,
3372,,,,0.1033338,-0.12357444,-0.003195891,,,,
3376,,,,0.094811425,-0.11292148,-0.005326485,,,,
3381,0.08619126,0.35434186,9.56723,,,,,,,
3382,,,,0.089484945,-0.11185618,-0.006391781,,,,
3386,,,,0.09374613,-0.113986775,-0.001065297,,,,
3388,,,,,,,31.875,-47.875,-40.9375,
3391,0.02873042,0.25857377,9.682152,,,,,,,
3392,,,,0.10120321,-0.12144385,0.001065297,,,,
3396,,,,0.10972559,-0.12890093,0.008522376,,,,
3401,0.05746084,0.21068975,9.662998,,,,,,,
3402,,,,0.120378554,-0.13316211,0.020240642,,,,
3407,,,,0.12890093,-0.13316211,0.031958908,,,,
3408,,,,,,,32.5625,-41.75,-40.75,
3412,0.11492168,0.21068975,9.768343,,,,,,,
3412,,,,0.14061919,-0.13103153,0.04261188,,,,
3416,,,,0.14701098,-0.12677033,0.046873067,,,,
3421,0.24899697,0.2873042,9.701305,,,,,,,
3422,,,,0.15020686,-0.117182665,0.046873067,,,,
3427,,,,0.15766394,-0.1022685,0.039415985,,,,
3432,0.22984336,0.35434186,9.557653,,,,,,,
3433,,,,0.16299044,-0.08628905,0.031958908,,,,
3436,,,,0.16299044,-0.059656627,0.022371236,,,,
3442,0.21068975,0.37349546,9.481039,,,,,,,
3443,,,,0.15872924,-0.039415985,0.017044751,,,,
3448,,,,,,,31.9375,-47.1875,-41.5,
3449,,,,0.15127216,-0.025567126,0.01065297,,,,
3452,0.15322891,0.38307226,9.423578,,,,,,,
3453,,,,0.1395539,-0.022371236,0.005326485,,,,
3457,,,,0.12890093,-0.028763017,-0.001065297,,,,
3461,0.1340753,0.39264908,9.32781,,,,,,,
3462,,,,0.122509144,-0.031958908,-0.006391781,,,,
3467,,,,,,,32,-47.0625,-41.4375,
3468,,,,0.11185618,-0.034089502,-0.008522376,,,,
3471,0.06703765,0.34476504,9.509769,,,,,,,
3472,,,,0.1033338,-0.040481284,-0.01065297,,,,
3476,,,,0.10120321,-0.046873067,-0.011718267,,,,
3481,0.05746084,0.30645782,9.605537,,,,,,,
3482,,,,0.10652969,-0.060721926,-0.015979454,,,,
3486,,,,0.12357444,-0.06178722,-0.014914157,,,,
3487,,,,,,,32.5,-44.4375,-40.9375,
3491,0.095768064,0.30645782,9.595961,,,,,,,
3492,,,,0.1384886,-0.058591332,-0.01384886,,,,
3496,,,,0.15020686,-0.046873067,-0.011718267,,,,
3501,0,0.33518824,9.404425,,,,,,,
3502,,,,0.15233746,-0.035154797,-0.003195891,,,,
3507,,,,0.14594568,-0.029828314,0.006391781,,,,
3508,,,,,,,31.8125,-47.3125,-41.1875,
3512,-0.047884032,0.33518824,9.299079,,,,,,,
3512,,,,0.12996623,-0.02769772,0.012783563,,,,
3516,,,,0.11292148,-0.02769772,0.023436533,,,,
3521,0.038307227,0.4405331,9.394848,,,,,,,
3521,,,,0.09907261,-0.03089361,0.028763017,,,,
3527,,,,0.09055024,-0.035154797,0.03089361,,,,
3528,,,,,,,32.0625,-47.375,-41.25,
3532,0.06703765,0.49799395,9.490616,,,,,,,
3532,,,,0.089484945,-0.046873067,0.03089361,,,,
3536,,,,0.094811425,-0.053264845,0.03089361,,,,
3541,0.12449849,0.45968673,9.500193,,,,,,,
3542,,,,0.09907261,-0.063917816,0.026632423,,,,
3546,,,,0.11079088,-0.0692443,0.022371236,,,,
3547,,,,,,,32,-47.25,-41.0625,
3551,0.18195933,0.45010993,9.452309,,,,,,,
3552,,,,0.11505207,-0.064983115,0.018110048,,,,
3556,,,,0.11185618,-0.06178722,0.014914157,,,,
3561,0.16280572,0.47884035,9.471462,,,,,,,
3562,,,,0.10013791,-0.058591332,0.009587673,,,,
3567,,,,0.08202787,-0.053264845,0.006391781,,,,
3568,,,,,,,32.25,-47.375,-41,
3571,0.19153613,0.48841715,9.490616,,,,,,,
3572,,,,0.06285252,-0.046873067,-0.001065297,,,,
3576,,,,0.046873067,-0.040481284,-0.008522376,,,,
3581,0.23942018,0.45010993,9.519346,,,,,,,
3581,,,,0.031958908,-0.033024207,-0.015979454,,,,
3586,,,,0.022371236,-0.035154797,-0.019175345,,,,
3587,,,,,,,32.4375,-47.75,-40.875,
3591,0.22026655,0.4309563,9.624691,,,,,,,
3592,,,,0.026632423,-0.039415985,-0.028763017,,,,
3596,,,,0.03835069,-0.039415985,-0.029828314,,,,
3601,0.19153613,0.4309563,9.615114,,,,,,,
3602,,,,0.054330144,-0.043677174,-0.025567126,,,,
3607,,,,0.068179004,-0.040481284,-0.017044751,,,,
3608,,,,,,,32.3125,-47.8125,-40.75,
3611,0.12449849,0.41180268,9.595961,,,,,,,
3612,,,,0.07457078,-0.033024207,-0.007457078,,,,
3616,,,,0.07137489,-0.028763017,0.005326485,,,,
3621,0.15322891,0.4309563,9.471462,,,,,,,
3622,,,,0.06604841,-0.02450183,0.017044751,,,,
3627,,,,0.058591332,-0.022371236,0.028763017,,,,
3628,,,,,,,32.0625,-48.125,-40.5,
3631,0.18195933,0.48841715,9.481039,,,,,,,
3632,,,,0.05219955,-0.01384886,0.03728539,,,,
3636,,,,0.04154658,0,0.044742472,,,,
3643,0.18195933,0.51714754,9.433155,,,,,,,
3643,,,,0.033024207,0.007457078,0.04900366,,,,
3647,,,,0.023436533,0.015979454,0.050068956,,,,
3648,,,,,,,31.9375,-48.4375,-40.5625,
3651,0.20111294,0.545878,9.452309,,,,,,,
3651,,,,0.015979454,0.020240642,0.043677174,,,,
3656,,,,0.007457078,0.018110048,0.039415985,,,,
3661,0.18195933,0.62249243,9.490616,,,,,,,
3662,,,,0,0.017044751,0.03089361,,,,
3666,,,,-0.004261188,0.018110048,0.019175345,,,,
3667,,,,,,,32.1875,-48.625,-40.375,
3671,0.19153613,0.58418524,9.442732,,,,,,,
3672,,,,-0.008522376,0.02130594,0.012783563,,,,
3676,,,,-0.01384886,0.026632423,0.007457078,,,,
3681,0.23942018,0.60333884,9.471462,,,,,,,
3682,,,,-0.02130594,0.028763017,0.001065297,,,,
3687,,,,-0.022371236,0.03089361,-0.001065297,,,,
3687,,,,,,,32.125,-48.6875,-40.3125,
3691,0.22026655,0.6512229,9.519346,,,,,,,
3692,,,,-0.022371236,0.031958908,-0.008522376,,,,
3696,,,,-0.02130594,0.03835069,-0.011718267,,,,
3701,0.21068975,0.6703765,9.624691,,,,,,,
3702,,,,-0.015979454,0.04154658,-0.012783563,,,,
3707,,,,-0.005326485,0.043677174,-0.02130594,,,,
3708,,,,,,,32.25,-48.9375,-40.5625,
3711,0.17238252,0.5363012,9.672575,,,,,,,
3711,,,,0.01384886,0.04261188,-0.023436533,,,,
3716,,,,0.039415985,0.04261188,-0.029828314,,,,
3722,0.1340753,0.49799395,9.548077,,,,,,,
3722,,,,0.060721926,0.04793836,-0.028763017,,,,
3727,,,,0.07776668,0.058591332,-0.025567126,,,,
3727,,,,,,,32.1875,-49.125,-40.5,
3731,0.10534488,0.5267244,9.509769,,,,,,,
3732,,,,0.08309316,0.067113705,-0.020240642,,,,
3736,,,,0.08415846,0.07563608,-0.01384886,,,,
3741,0.05746084,0.45968673,9.356541,,,,,,,
3742,,,,0.07776668,0.08735435,-0.008522376,,,,
3746,,,,0.064983115,0.09694202,-0.003195891,,,,
3748,,,,,,,32.0625,-48.9375,-40.375,
3752,0.076614454,0.5746084,9.32781,,,,,,,
3752,,,,0.050068956,0.09907261,0.002130594,,,,
3756,,,,0.03835069,0.10866029,0.004261188,,,,
3761,0.095768064,0.60333884,9.260772,,,,,,,
3762,,,,0.02769772,0.113986775,0.004261188,,,,
3767,,,,,,,32.1875,-49.0625,-40.25,
3768,,,,0.017044751,0.120378554,0.003195891,,,,
3771,0.06703765,0.61291564,9.222465,,,,,,,
3771,,,,0.006391781,0.12677033,-0.004261188,,,,
3776,,,,0.001065297,0.13103153,-0.015979454,,,,
3781,0.02873042,0.641646,9.279925,,,,,,,
3781,,,,-0.008522376,0.13316211,-0.026632423,,,,
3787,,,,-0.01384886,0.13209683,-0.03728539,,,,
3788,,,,,,,32.1875,-49.0625,-40.4375,
3791,-0.05746084,0.60333884,9.241618,,,,,,,
3791,,,,-0.02450183,0.12677033,-0.04900366,,,,
3796,,,,-0.034089502,0.113986775,-0.058591332,,,,
3802,-0.08619126,0.545878,9.404425,,,,,,,
3802,,,,-0.039415985,0.09374613,-0.064983115,,,,
3807,,,,-0.040481284,0.068179004,-0.068179004,,,,
3808,,,,,,,32.3125,-49.0625,-40.4375,
3811,-0.16280572,0.50757074,9.509769,,,,,,,
3811,,,,-0.040481284,0.04261188,-0.070309594,,,,
3817,,,,-0.031958908,0.028763017,-0.06604841,,,,
3821,-0.08619126,0.40222588,9.481039,,,,,,,
3822,,,,-0.02450183,0.018110048,-0.05539544,,,,
3827,,,,-0.018110048,0.012783563,-0.045807768,,,,
3827,,,,,,,32.4375,-49.125,-40.4375,
3831,-0.10534488,0.40222588,9.557653,,,,,,,
3832,,,,-0.01384886,0.009587673,-0.033024207,,,,
3836,,,,-0.017044751,0.005326485,-0.020240642,,,,
3841,-0.05746084,0.4405331,9.682152,,,,,,,
3842,,,,-0.02450183,0.007457078,-0.005326485,,,,
3847,,,,-0.03728539,0.001065297,0.001065297,,,,
3847,,,,,,,32.5,-48.9375,-40.3125,
3851,0.019153614,0.47884035,9.653421,,,,,,,
3852,,,,-0.053264845,0.005326485,0.01065297,,,,
3857,,,,-0.06178722,0.006391781,0.017044751,,,,
3861,0.038307227,0.5267244,9.749189,,,,,,,
3861,,,,-0.06285252,0.001065297,0.019175345,,,,
3867,,,,-0.059656627,-0.01065297,0.014914157,,,,
3868,,,,,,,32.375,-48.875,-40.1875,
3872,0.047884032,0.51714754,9.835381,,,,,,,
3872,,,,-0.053264845,-0.017044751,0.015979454,,,,
3876,,,,-0.039415985,-0.026632423,0.01384886,,,,
3881,0.05746084,0.46926352,9.816227,,,,,,,
3881,,,,-0.02450183,-0.04154658,0.014914157,,,,
3887,,,,,,,32.3125,-48.8125,-40.1875,
3888,,,,-0.01065297,-0.053264845,0.019175345,,,,
3891,0.12449849,0.45968673,9.825804,,,,,,,
3892,,,,0.004261188,-0.059656627,0.02450183,,,,
3896,,,,0.014914157,-0.063917816,0.033024207,,,,
3901,0.17238252,0.5363012,9.758766,,,,,,,
3902,,,,0.023436533,-0.067113705,0.039415985,,,,
3907,,,,0.028763017,-0.07350549,0.04154658,,,,
3908,,,,,,,32.5625,-49.0625,-40.1875,
3911,0.24899697,0.545878,9.758766,,,,,,,
3912,,,,0.03089361,-0.07883197,0.040481284,,,,
3917,,,,0.031958908,-0.08202787,0.034089502,,,,
3921,0.34476504,0.6607997,9.739613,,,,,,,
3922,,,,0.03089361,-0.08096257,0.023436533,,,,
3927,,,,0.03089361,-0.07457078,0.01065297,,,,
3927,,,,,,,32.625,-49.1875,-40.3125,
3931,0.45968673,0.6512229,9.749189,,,,,,,
3931,,,,0.031958908,-0.06604841,0.002130594,,,,
3937,,,,0.03835069,-0.057526033,-0.01065297,,,,
3942,0.36391866,0.59376204,9.662998,,,,,,,
3942,,,,0.04793836,-0.04154658,-0.014914157,,,,
3947,,,,0.063917816,-0.025567126,-0.019175345,,,,
3948,,,,,,,33,-49.0625,-40.1875,
3952,0.32561144,0.5363012,9.471462,,,,,,,
3952,,,,0.08628905,-0.01065297,-0.019175345,,,,
3957,,,,0.10652969,0.003195891,-0.015979454,,,,
3961,0.2681506,0.5650316,9.193734,,,,,,,
3962,,,,0.117182665,0.014914157,-0.012783563,,,,
3967,,,,0.12144385,0.02130594,-0.009587673,,,,
3968,,,,,,,33.25,-48.9375,-40.25,
3972,0.20111294,0.6799533,8.896853,,,,,,,
3972,,,,0.116117366,0.025567126,-0.01065297,,,,
3976,,,,0.09694202,0.025567126,-0.019175345,,,,
3981,0.1436521,0.80445176,8.743625,,,,,,,
3981,,,,0.067113705,0.02769772,-0.035154797,,,,
3987,,,,0.02450183,0.035154797,-0.05646074,,,,
3988,,,,,,,33.1875,-48.875,-40.25,
3992,0.12449849,0.78529817,8.734048,,,,,,,
3992,,,,-0.018110048,0.044742472,-0.07776668,,,,
3996,,,,-0.05539544,0.04900366,-0.09694202,,,,
4002,0.11492168,0.7278373,8.791509,,,,,,,
4002,,,,-0.08522376,0.04900366,-0.11292148,,,,
4007,,,,-0.1054644,0.045807768,-0.12570503,,,,
4008,,,,,,,33.3125,-48.9375,-40.3125,
4011,0.038307227,0.61291564,8.963891,,,,,,,
4012,,,,-0.116117366,0.03728539,-0.13316211,,,,
4017,,,,-0.119313255,0.022371236,-0.1374233,,,,
4022,0.009576807,0.50757074,9.069236,,,,,,,
4022,,,,-0.10972559,0.003195891,-0.1384886,,,,
4027,,,,-0.09907261,-0.019175345,-0.1384886,,,,
4031,0,0.48841715,9.279925,,,,,,,
4032,,,,-0.08202787,-0.03728539,-0.13635801,,,,
4036,,,,-0.0692443,-0.057526033,-0.13422741,,,,
4042,0.038307227,0.5363012,9.356541,,,,,,,
4042,,,,-0.060721926,-0.070309594,-0.13316211,,,,
4047,,,,-0.058591332,-0.07457078,-0.13209683,,,,
4048,,,,,,,33.5,-48.875,-40.375,
4052,0.06703765,0.51714754,9.519346,,,,,,,
4052,,,,-0.064983115,-0.070309594,-0.12996623,,,,
4057,,,,-0.07776668,-0.05539544,-0.12783563,,,,
4061,0.047884032,0.545878,9.557653,,,,,,,
4062,,,,-0.094811425,-0.044742472,-0.13209683,,,,
4067,,,,-0.11505207,-0.036220096,-0.13529271,,,,
4068,,,,,,,33.5,-48.9375,-40.5,
4072,-0.06703765,0.5650316,9.653421,,,,,,,
4072,,,,-0.13103153,-0.029828314,-0.14061919,,,,
4077,,,,-0.1395539,-0.019175345,-0.14274979,,,,
4082,-0.16280572,0.51714754,9.739613,,,,,,,
4082,,,,-0.14061919,-0.014914157,-0.14381509,,,,
4088,,,,,,,33.625,-49,-40.3125,
4088,,,,-0.14168449,-0.02130594,-0.14061919,,,,
4092,-0.24899697,0.5267244,9.902418,,,,,,,
4092,,,,-0.13635801,-0.023436533,-0.13422741,,,,
4098,,,,-0.12570503,-0.031958908,-0.12677033,,,,
4102,-0.34476504,0.46926352,9.902418,,,,,,,
4102,,,,-0.11079088,-0.034089502,-0.120378554,,,,
4107,,,,-0.092680834,-0.029828314,-0.10972559,,,,
4108,,,,,,,33.625,-49,-40.3125,
4112,-0.39264908,0.4405331,9.911995,,,,,,,
4112,,,,-0.07350549,-0.031958908,-0.09374613,,,,
4120,,,,-0.050068956,-0.04261188,-0.07670138,,,,
4121,-0.47884035,0.41180268,9.892841,,,,,,,
4122,,,,-0.031958908,-0.050068956,-0.06178722,,,,
4127,,,,-0.011718267,-0.06178722,-0.04261188,,,,
4128,,,,,,,33.5,-48.8125,-40.25,
4131,-0.50757074,0.4405331,9.892841,,,,,,,
4132,,,,0.004261188,-0.07244019,-0.025567126,,,,
4137,,,,0.019175345,-0.07776668,-0.01065297,,,,
4142,-0.45968673,0.545878,9.844957,,,,,,,
4142,,,,0.028763017,-0.07457078,-0.001065297,,,,
4147,,,,0.033024207,-0.067113705,0.008522376,,,,
4148,,,,,,,33.75,-48.75,-40.375,
4152,-0.39264908,0.60333884,9.768343,,,,,,,
4152,,,,0.029828314,-0.05219955,0.014914157,,,,
4156,,,,0.020240642,-0.034089502,0.015979454,,,,
4162,-0.32561144,0.61291564,9.701305,,,,,,,
4162,,,,0.004261188,-0.01065297,0.011718267,,,,
4167,,,,-0.004261188,0.008522376,0.011718267,,,,
4172,-0.41180268,0.5650316,9.653421,,,,,,,
4172,,,,-0.015979454,0.018110048,0.012783563,,,,
4177,,,,-0.020240642,0.020240642,0.018110048,,,,
4182,-0.4309563,0.51714754,9.56723,,,,,,,
4182,,,,-0.020240642,0.011718267,0.020240642,,,,
4187,,,,-0.019175345,0.001065297,0.022371236,,,,
4188,,,,,,,33.75,-48.5,-40.4375,
4191,-0.4213795,0.45968673,9.624691,,,,,,,
4192,,,,-0.011718267,-0.019175345,0.025567126,,,,
4197,,,,-0.002130594,-0.03835069,0.031958908,,,,
4202,-0.34476504,0.41180268,9.672575,,,,,,,
4202,,,,0.008522376,-0.05539544,0.036220096,,,,
4207,,,,0.022371236,-0.06604841,0.040481284,,,,
4208,,,,,,,33.6875,-48.375,-40.375,
4212,-0.24899697,0.41180268,9.653421,,,,,,,
4212,,,,0.034089502,-0.070309594,0.04793836,,,,
4217,,,,0.035154797,-0.07350549,0.05113425,,,,
4222,-0.20111294,0.4405331,9.710882,,,,,,,
4222,,,,0.02769772,-0.070309594,0.05539544,,,,
4227,,,,0.014914157,-0.064983115,0.059656627,,,,
4228,,,,,,,33.5,-47.9375,-40.4375,
4232,-0.21068975,0.36391866,9.682152,,,,,,,
4233,,,,0.004261188,-0.057526033,0.06178722,,,,
4237,,,,-0.001065297,-0.044742472,0.064983115,,,,
4242,-0.15322891,0.31603462,9.739613,,,,,,,
4242,,,,-0.003195891,-0.029828314,0.070309594,,,,
4247,,,,-0.004261188,-0.009587673,0.07989727,,,,
4248,,,,,,,33.375,-47.625,-40.5,
4251,-0.1436521,0.2873042,9.701305,,,,,,,
4252,,,,-0.006391781,0.003195891,0.089484945,,,,
4257,,,,-0.006391781,0.015979454,0.10120321,,,,
4262,-0.1340753,0.29688102,9.605537,,,,,,,
4262,,,,-0.008522376,0.018110048,0.10866029,,,,
4267,,,,-0.004261188,0.02769772,0.113986775,,,,
4268,,,,,,,33.25,-47.5,-40.4375,
4272,-0.12449849,0.32561144,9.519346,,,,,,,
4272,,,,-0.001065297,0.028763017,0.119313255,,,,
4277,,,,-0.002130594,0.02769772,0.12677033,,,,
4282,-0.05746084,0.34476504,9.3661175,,,,,,,
4282,,,,0.003195891,0.026632423,0.13529271,,,,
4287,,,,0.002130594,0.023436533,0.14274979,,,,
4288,,,,,,,33,-47.6875,-40.4375,
4292,-0.019153614,0.37349546,9.299079,,,,,,,
4292,,,,0.006391781,0.012783563,0.15446806,,,,
4296,,,,0.017044751,0.004261188,0.15979454,,,,
4301,0,0.39264908,9.260772,,,,,,,
4302,,,,0.02769772,-0.01065297,0.17044751,,,,
4307,,,,0.03835069,-0.02769772,0.175774,,,,
4308,,,,,,,32.75,-47.6875,-40.375,
4312,0.038307227,0.4309563,9.241618,,,,,,,
4312,,,,0.04793836,-0.04900366,0.18323107,,,,
4316,,,,0.05113425,-0.06285252,0.18536167,,,,
4322,0.11492168,0.45968673,9.260772,,,,,,,
4322,,,,0.054330144,-0.07350549,0.18642697,,,,
4327,,,,0.05219955,-0.08735435,0.18536167,,,,
4328,,,,,,,32.8125,-47.8125,-40.3125,
4332,0.16280572,0.545878,9.299079,,,,,,,
4332,,,,0.04900366,-0.08202787,0.18216577,,,,
4337,,,,0.03835069,-0.07457078,0.17790459,,,,
4342,0.22984336,0.50757074,9.394848,,,,,,,
4343,,,,0.02130594,-0.057526033,0.17151281,,,,
4347,,,,0.005326485,-0.043677174,0.16512102,,,,
4349,,,,,,,32.875,-47.9375,-40.1875,
4352,0.22026655,0.5267244,9.3182335,,,,,,,
4353,,,,-0.01065297,-0.035154797,0.16405573,,,,
4357,,,,-0.02130594,-0.029828314,0.15979454,,,,
4362,0.1436521,0.5554548,9.404425,,,,,,,
4363,,,,-0.025567126,-0.031958908,0.15553336,,,,
4367,,,,-0.022371236,-0.045807768,0.15340276,,,,
4368,,,,,,,32.8125,-47.9375,-40.125,
4372,0.21068975,0.47884035,9.433155,,,,,,,
4372,,,,-0.014914157,-0.057526033,0.15233746,,,,
4377,,,,-0.008522376,-0.05539544,0.14701098,,,,
4382,0.17238252,0.49799395,9.490616,,,,,,,
4382,,,,0.009587673,-0.064983115,0.14594568,,,,
4387,,,,0.026632423,-0.07457078,0.15233746,,,,
4388,,,,,,,32.9375,-47.9375,-40.25,
4392,0.25857377,0.51714754,9.586384,,,,,,,
4393,,,,0.036220096,-0.08415846,0.15020686,,,,
4397,,,,0.040481284,-0.08522376,0.14594568,,,,
4402,0.2873042,0.51714754,9.576807,,,,,,,
4402,,,,0.04261188,-0.07670138,0.14274979,,,,
4408,,,,,,,32.875,-48.1875,-40.3125,
4408,,,,0.03728539,-0.07137489,0.13635801,,,,
4412,0.30645782,0.50757074,9.548077,,,,,,,
4413,,,,0.029828314,-0.060721926,0.13209683,,,,
4416,,,,0.02130594,-0.05113425,0.12677033,,,,
4422,0.32561144,0.545878,9.56723,,,,,,,
4422,,,,0.014914157,-0.046873067,0.12570503,,,,
4427,,,,0.01065297,-0.033024207,0.11824796,,,,
4428,,,,,,,32.6875,-48.375,-40.5,
4432,0.30645782,0.5554548,9.56723,,,,,,,
4432,,,,0.009587673,-0.02450183,0.11505207,,,,
4437,,,,0.007457078,-0.020240642,0.10759499,,,,
4442,0.34476504,0.61291564,9.519346,,,,,,,
4442,,,,0.002130594,-0.01384886,0.10120321,,,,
4447,,,,0.004261188,-0.011718267,0.09374613,,,,
4448,,,,,,,32.5625,-48.3125,-40.4375,
4452,0.35434186,0.62249243,9.3661175,,,,,,,
4453,,,,0.001065297,-0.004261188,0.08309316,,,,
4457,,,,-0.005326485,0.001065297,0.07244019,,,,
4462,0.40222588,0.7278373,9.385271,,,,,,,
4463,,,,-0.015979454,0.009587673,0.059656627,,,,
4467,,,,-0.02769772,0.019175345,0.044742472,,,,
4468,,,,,,,32.6875,-48.3125,-40.25,
4472,0.39264908,0.7086837,9.3182335,,,,,,,
4472,,,,-0.03835069,0.018110048,0.028763017,,,,
4477,,,,-0.04154658,0.022371236,0.011718267,,,,
4482,0.2777274,0.7278373,9.3182335,,,,,,,
4482,,,,-0.040481284,0.014914157,0,,,,
4487,,,,-0.040481284,-0.001065297,-0.007457078,,,,
4488,,,,,,,32.4375,-48.4375,-40.3125,
4492,0.1436521,0.63206923,9.375694,,,,,,,
4492,,,,-0.03089361,-0.023436533,-0.015979454,,,,
4497,,,,-0.019175345,-0.044742472,-0.015979454,,,,
4502,0.18195933,0.5746084,9.5385,,,,,,,
4502,,,,-0.003195891,-0.059656627,-0.015979454,,,,
4507,,,,0.011718267,-0.07137489,-0.015979454,,,,
4509,,,,,,,32.375,-48.5,-40.5,
4512,0.21068975,0.51714754,9.615114,,,,,,,
4513,,,,0.022371236,-0.067113705,-0.015979454,,,,
4517,,,,0.033024207,-0.06178722,-0.008522376,,,,
4522,0.02873042,0.5650316,9.557653,,,,,,,
4522,,,,0.040481284,-0.05646074,0,,,,
4527,,,,0.03835069,-0.053264845,0.005326485,,,,
4528,,,,,,,32.3125,-48.6875,-40.375,
4532,-0.009576807,0.58418524,9.605537,,,,,,,
4532,,,,0.034089502,-0.043677174,0.008522376,,,,
4537,,,,0.026632423,-0.034089502,0.01065297,,,,
4542,-0.02873042,0.5554548,9.56723,,,,,,,
4543,,,,0.02130594,-0.025567126,0.01384886,,,,
4547,,,,0.015979454,-0.015979454,0.017044751,,,,
4548,,,,,,,32.375,-48.75,-40.1875,
4552,-0.12449849,0.48841715,9.672575,,,,,,,
4552,,,,0.012783563,-0.014914157,0.018110048,,,,
4557,,,,0.01065297,-0.015979454,0.025567126,,,,
4562,-0.16280572,0.45010993,9.787497,,,,,,,
4562,,,,0.01384886,-0.017044751,0.02769772,,,,
4567,,,,0.02450183,-0.02130594,0.03728539,,,,
4568,,,,,,,32.25,-48.5,-40.125,
4572,-0.15322891,0.41180268,9.720459,,,,,,,
4572,,,,0.034089502,-0.023436533,0.044742472,,,,
4577,,,,0.046873067,-0.02130594,0.054330144,,,,
4582,-0.06703765,0.50757074,9.624691,,,,,,,
4582,,,,0.054330144,-0.020240642,0.064983115,,,,
4587,,,,0.054330144,-0.014914157,0.06604841,,,,
4588,,,,,,,32.5,-48.4375,-40.125,
4592,-0.08619126,0.545878,9.481039,,,,,,,
4592,,,,0.044742472,-0.017044751,0.0692443,,,,
4597,,,,0.03728539,-0.018110048,0.063917816,,,,
4602,0,0.5746084,9.500193,,,,,,,
4603,,,,0.02450183,-0.01384886,0.057526033,,,,
4608,,,,0.009587673,-0.009587673,0.050068956,,,,
4609,,,,,,,32.5,-48.5,-40.1875,
4612,0.038307227,0.5650316,9.404425,,,,,,,
4612,,,,0,0.003195891,0.040481284,,,,
4617,,,,-0.01065297,0.011718267,0.029828314,,,,
4622,-0.05746084,0.5267244,9.3182335,,,,,,,
4622,,,,-0.019175345,0.014914157,0.02450183,,,,
4627,,,,-0.022371236,0.009587673,0.018110048,,,,
4628,,,,,,,32.3125,-48.625,-40.5,
4632,-0.15322891,0.47884035,9.32781,,,,,,,
4633,,,,-0.02450183,-0.001065297,0.019175345,,,,
4637,,,,-0.018110048,-0.018110048,0.018110048,,,,
4642,-0.19153613,0.40222588,9.433155,,,,,,,
4643,,,,-0.01384886,-0.03089361,0.019175345,,,,
4648,,,,-0.006391781,-0.04900366,0.028763017,,,,
4648,,,,,,,32.375,-48.5,-40.3125,
4652,-0.21068975,0.4213795,9.356541,,,,,,,
4653,,,,-0.003195891,-0.063917816,0.036220096,,,,
4657,,,,0.002130594,-0.08096257,0.039415985,,,,
4662,-0.12449849,0.46926352,9.586384,,,,,,,
4662,,,,-0.001065297,-0.09907261,0.04793836,,,,
4668,,,,0,-0.1043991,0.044742472,,,,
4669,,,,,,,32.3125,-48.3125,-40.25,
4672,0.02873042,0.61291564,9.615114,,,,,,,
4673,,,,0.005326485,-0.10120321,0.04261188,,,,
4677,,,,0.01065297,-0.09800732,0.03728539,,,,
4682,0.1436521,0.6991069,9.730036,,,,,,,
4682,,,,0.01384886,-0.091615535,0.03089361,,,,
4687,,,,0.01384886,-0.092680834,0.019175345,,,,
4688,,,,,,,32.1875,-48.25,-40.375,
4692,0.21068975,0.7374141,9.682152,,,,,,,
4693,,,,0.014914157,-0.088419646,0.01065297,,,,
4697,,,,0.014914157,-0.07989727,-0.001065297,,,,
4702,0.32561144,0.7182605,9.691729,,,,,,,
4702,,,,0.019175345,-0.068179004,-0.011718267,,,,
4707,,,,0.022371236,-0.053264845,-0.018110048,,,,
4708,,,,,,,32.125,-48.3125,-40.375,
4713,0.37349546,0.7469909,9.672575,,,,,,,
4713,,,,0.020240642,-0.034089502,-0.025567126,,,,
4717,,,,0.01384886,-0.015979454,-0.03728539,,,,
4722,0.40222588,0.7757214,9.653421,,,,,,,
4722,,,,0.006391781,0.006391781,-0.04793836,,,,
4728,,,,0.001065297,0.020240642,-0.060721926,,,,
4728,,,,,,,32.125,-48.4375,-40.375,
4732,0.45010993,0.80445176,9.576807,,,,,,,
4732,,,,-0.007457078,0.046873067,-0.0692443,,,,
4737,,,,-0.014914157,0.067113705,-0.07776668,,,,
4742,0.46926352,0.7661445,9.557653,,,,,,,
4742,,,,-0.023436533,0.08735435,-0.088419646,,,,
4748,,,,-0.033024207,0.10866029,-0.09587672,,,,
4748,,,,,,,31.875,-48.3125,-40.1875,
4752,0.37349546,0.7182605,9.481039,,,,,,,
4753,,,,-0.03835069,0.11824796,-0.10652969,,,,
4757,,,,-0.04261188,0.11185618,-0.11079088,,,,
4762,0.30645782,0.6799533,9.394848,,,,,,,
4763,,,,-0.040481284,0.1033338,-0.11185618,,,,
4767,,,,-0.035154797,0.08735435,-0.10652969,,,,
4768,,,,,,,32.125,-48.375,-40.125,
4772,0.2777274,0.58418524,9.337387,,,,,,,
4773,,,,-0.03089361,0.07244019,-0.10013791,,,,
4777,,,,-0.02450183,0.053264845,-0.09055024,,,,
4782,0.19153613,0.6512229,9.3182335,,,,,,,
4783,,,,-0.017044751,0.03728539,-0.08096257,,,,
4787,,,,-0.01065297,0.020240642,-0.068179004,,,,
4788,,,,,,,32.125,-48.25,-40,
4792,0.23942018,0.63206923,9.270349,,,,,,,
4793,,,,-0.002130594,0.001065297,-0.060721926,,,,
4797,,,,0,-0.019175345,-0.05539544,,,,
4802,0.22026655,0.60333884,9.241618,,,,,,,
4803,,,,0.001065297,-0.035154797,-0.053264845,,,,
4807,,,,-0.002130594,-0.05113425,-0.054330144,,,,
4808,,,,,,,32.375,-48.375,-40.1875,
4812,0.16280572,0.6607997,9.251195,,,,,,,
4813,,,,-0.006391781,-0.058591332,-0.05219955,,,,
4817,,,,-0.011718267,-0.063917816,-0.050068956,,,,
4822,0.18195933,0.63206923,9.299079,,,,,,,
4822,,,,-0.014914157,-0.063917816,-0.046873067,,,,
4828,,,,-0.018110048,-0.068179004,-0.039415985,,,,
4828,,,,,,,32.4375,-48.375,-40.4375,
4832,0.18195933,0.5554548,9.32781,,,,,,,
4833,,,,-0.022371236,-0.07457078,-0.033024207,,,,
4837,,,,-0.025567126,-0.08522376,-0.026632423,,,,
4842,0.1340753,0.6512229,9.3182335,,,,,,,
4842,,,,-0.022371236,-0.09800732,-0.02450183,,,,
4848,,,,-0.020240642,-0.1054644,-0.02450183,,,,
4849,,,,,,,32.5625,-48.4375,-40.4375,
4852,0.21068975,0.641646,9.394848,,,,,,,
4852,,,,-0.023436533,-0.11185618,-0.031958908,,,,
4857,,,,-0.023436533,-0.11292148,-0.040481284,,,,
4862,0.20111294,0.6512229,9.519346,,,,,,,
4863,,,,-0.02450183,-0.11292148,-0.050068956,,,,
4867,,,,-0.029828314,-0.1033338,-0.058591332,,,,
4868,,,,,,,32.3125,-48.5,-40.5,
4872,0.12449849,0.641646,9.576807,,,,,,,
4873,,,,-0.03728539,-0.089484945,-0.068179004,,,,
4877,,,,-0.044742472,-0.068179004,-0.07776668,,,,
4882,0.047884032,0.545878,9.624691,,,,,,,
4883,,,,-0.054330144,-0.045807768,-0.07989727,,,,
4887,,,,-0.060721926,-0.020240642,-0.08202787,,,,
4888,,,,,,,32.4375,-48.3125,-40.5,
4892,-0.038307227,0.49799395,9.682152,,,,,,,
4893,,,,-0.068179004,0.002130594,-0.08202787,,,,
4897,,,,-0.067113705,0.015979454,-0.07883197,,,,
4902,-0.11492168,0.4309563,9.739613,,,,,,,
4902,,,,-0.067113705,0.025567126,-0.07350549,,,,
4907,,,,-0.06178722,0.036220096,-0.07350549,,,,
4908,,,,,,,32.6875,-48.5625,-40.5,
4913,-0.20111294,0.39264908,9.672575,,,,,,,
4913,,,,-0.05113425,0.035154797,-0.0692443,,,,
4917,,,,-0.03728539,0.035154797,-0.068179004,,,,
4922,-0.24899697,0.4309563,9.682152,,,,,,,
4922,,,,-0.031958908,0.031958908,-0.064983115,,,,
4928,,,,-0.031958908,0.034089502,-0.059656627,,,,
4932,-0.22984336,0.4213795,9.643845,,,,,,,
4932,,,,-0.04154658,0.040481284,-0.058591332,,,,
4937,,,,-0.04900366,0.043677174,-0.05646074,,,,
4942,-0.2777274,0.35434186,9.662998,,,,,,,
4942,,,,-0.057526033,0.04261188,-0.057526033,,,,
4947,,,,-0.059656627,0.035154797,-0.058591332,,,,
4948,,,,,,,32.625,-48.5625,-40.75,
4952,-0.33518824,0.4309563,9.653421,,,,,,,
4953,,,,-0.05219955,0.025567126,-0.054330144,,,,
4957,,,,-0.04154658,0.009587673,-0.046873067,,,,
4962,-0.31603462,0.32561144,9.691729,,,,,,,
4963,,,,-0.025567126,-0.003195891,-0.04261188,,,,
4968,,,,-0.009587673,-0.018110048,-0.03728539,,,,
4968,,,,,,,32.6875,-48.4375,-40.75,
4972,-0.36391866,0.31603462,9.672575,,,,,,,
4972,,,,0.006391781,-0.028763017,-0.028763017,,,,
4977,,,,0.023436533,-0.036220096,-0.017044751,,,,
4982,-0.2777274,0.33518824,9.605537,,,,,,,
4982,,,,0.033024207,-0.045807768,-0.006391781,,,,
4988,,,,0.03728539,-0.04154658,0.003195891,,,,
4989,,,,,,,32.625,-48.5,-40.5625,
4992,-0.18195933,0.36391866,9.490616,,,,,,,
4992,,,,0.034089502,-0.029828314,0.007457078,,,,
4997,,,,0.02450183,-0.008522376,0.008522376,,,,
5002,-0.16280572,0.4405331,9.509769,,,,,,,
5003,,,,0.011718267,0.01384886,0.007457078,,,,
5007,,,,-0.005326485,0.036220096,0.007457078,,,,
5008,,,,,,,32.625,-48.75,-40.6875,
5013,-0.16280572,0.49799395,9.394848,,,,,,,
5013,,,,-0.018110048,0.044742472,0.008522376,,,,
5018,,,,-0.031958908,0.054330144,0.007457078,,,,
5022,-0.15322891,0.46926352,9.346964,,,,,,,
5022,,,,-0.03728539,0.053264845,0.011718267,,,,
5027,,,,-0.036220096,0.04793836,0.015979454,,,,
5028,,,,,,,32.9375,-48.5625,-40.75,
5033,-0.1340753,0.50757074,9.346964,,,,,,,
5033,,,,-0.033024207,0.034089502,0.020240642,,,,
5037,,,,-0.025567126,0.019175345,0.025567126,,,,
5042,-0.1436521,0.545878,9.270349,,,,,,,
5043,,,,-0.015979454,-0.003195891,0.028763017,,,,
5048,,,,-0.001065297,-0.033024207,0.035154797,,,,
5049,,,,,,,32.875,-48.75,-40.625,
5052,-0.11492168,0.5363012,9.260772,,,,,,,
5052,,,,0.01065297,-0.063917816,0.040481284,,,,
5057,,,,0.02130594,-0.092680834,0.044742472,,,,
5062,-0.02873042,0.5554548,9.3661175,,,,,,,
5063,,,,0.034089502,-0.11185618,0.044742472,,,,
5068,,,,0.040481284,-0.119313255,0.050068956,,,,
5069,,,,,,,32.875,-48.875,-40.875,
5072,0.06703765,0.5267244,9.452309,,,,,,,
5073,,,,0.04154658,-0.119313255,0.053264845,,,,
5077,,,,0.03728539,-0.117182665,0.054330144,,,,
5082,0.1340753,0.5746084,9.433155,,,,,,,
5083,,,,0.023436533,-0.1054644,0.054330144,,,,
5088,,,,0.005326485,-0.09055024,0.05113425,,,,
5089,,,,,,,32.75,-49.0625,-41,
5092,0.1340753,0.61291564,9.471462,,,,,,,
5093,,,,-0.01384886,-0.07137489,0.04793836,,,,
5097,,,,-0.033024207,-0.05113425,0.040481284,,,,
5103,0.15322891,0.6512229,9.56723,,,,,,,
5103,,,,-0.05646074,-0.03089361,0.036220096,,,,
5107,,,,-0.07137489,-0.01384886,0.028763017,,,,
5108,,,,,,,32.875,-48.875,-40.875,
5112,0.1340753,0.63206923,9.586384,,,,,,,
5113,,,,-0.08309316,0.001065297,0.022371236,,,,
5117,,,,-0.091615535,0.012783563,0.019175345,,,,
5122,0.10534488,0.5554548,9.576807,,,,,,,
5123,,,,-0.1022685,0.02769772,0.019175345,,,,
5128,,,,,,,32.75,-48.8125,-40.8125,
5129,,,,-0.1022685,0.03835069,0.022371236,,,,
5132,0.047884032,0.45968673,9.5385,,,,,,,
5133,,,,-0.09800732,0.03835069,0.026632423,,,,
5137,,,,-0.091615535,0.035154797,0.033024207,,,,
5142,0.038307227,0.47884035,9.509769,,,,,,,
5142,,,,-0.07989727,0.031958908,0.04154658,,,,
5148,,,,-0.063917816,0.028763017,0.050068956,,,,
5148,,,,,,,32.8125,-48.625,-41,
5153,0.009576807,0.49799395,9.471462,,,,,,,
5153,,,,-0.057526033,0.020240642,0.05539544,,,,
5157,,,,-0.044742472,0.01065297,0.059656627,,,,
5162,-0.019153614,0.4405331,9.461885,,,,,,,
5162,,,,-0.039415985,0,0.063917816,,,,
5168,,,,-0.039415985,-0.011718267,0.064983115,,,,
5172,-0.019153614,0.46926352,9.490616,,,,,,,
5172,,,,-0.043677174,-0.018110048,0.063917816,,,,
5177,,,,-0.044742472,-0.026632423,0.06285252,,,,
5182,-0.019153614,0.4405331,9.519346,,,,,,,
5183,,,,-0.04900366,-0.031958908,0.063917816,,,,
5187,,,,-0.046873067,-0.040481284,0.063917816,,,,
5188,,,,,,,32.75,-48.5625,-40.8125,
5192,0,0.51714754,9.548077,,,,,,,
5192,,,,-0.043677174,-0.04900366,0.060721926,,,,
5197,,,,-0.033024207,-0.050068956,0.060721926,,,,
5202,0.019153614,0.51714754,9.653421,,,,,,,
5203,,,,-0.028763017,-0.05219955,0.05646074,,,,
5207,,,,-0.02450183,-0.044742472,0.05539544,,,,
5208,,,,,,,32.875,-48.5,-40.9375,
5212,0.038307227,0.51714754,9.662998,,,,,,,
5213,,,,-0.022371236,-0.036220096,0.05219955,,,,
5217,,,,-0.02130594,-0.019175345,0.05219955,,,,
5222,0.038307227,0.5746084,9.624691,,,,,,,
5223,,,,-0.02450183,-0.003195891,0.05113425,,,,
5227,,,,-0.02450183,0.01384886,0.050068956,,,,
5228,,,,,,,32.75,-48.125,-40.8125,
5232,0.009576807,0.5746084,9.56723,,,,,,,
5233,,,,-0.028763017,0.025567126,0.05219955,,,,
5237,,,,-0.03089361,0.036220096,0.04900366,,,,
5242,-0.038307227,0.63206923,9.557653,,,,,,,
5243,,,,-0.036220096,0.03835069,0.046873067,,,,
5248,,,,-0.04154658,0.033024207,0.039415985,,,,
5249,,,,,,,32.75,-47.9375,-40.625,
5252,-0.009576807,0.62249243,9.471462,,,,,,,
5253,,,,-0.043677174,0.029828314,0.029828314,,,,
5257,,,,-0.043677174,0.025567126,0.026632423,,,,
5262,0,0.63206923,9.500193,,,,,,,
5263,,,,-0.045807768,0.02130594,0.020240642,,,,
5268,,,,,,,32.6875,-47.875,-40.625,
5269,,,,-0.043677174,0.008522376,0.014914157,,,,
5273,-0.08619126,0.641646,9.509769,,,,,,,
5273,,,,-0.04154658,-0.007457078,0.007457078,,,,
5277,,,,-0.034089502,-0.020240642,0.001065297,,,,
5283,-0.12449849,0.545878,9.557653,,,,,,,
5283,,,,-0.023436533,-0.03835069,-0.004261188,,,,
5288,,,,-0.017044751,-0.05219955,-0.006391781,,,,
5289,,,,,,,32.5,-47.8125,-40.75,
5292,-0.05746084,0.48841715,9.557653,,,,,,,
5293,,,,-0.008522376,-0.054330144,-0.006391781,,,,
5298,,,,0,-0.057526033,-0.002130594,,,,
5302,-0.02873042,0.48841715,9.672575,,,,,,,
5303,,,,0.002130594,-0.046873067,0.002130594,,,,
5308,,,,0.001065297,-0.03835069,0.004261188,,,,
5313,-0.019153614,0.48841715,9.586384,,,,,,,
5313,,,,-0.003195891,-0.020240642,0.005326485,,,,
5318,,,,-0.006391781,-0.007457078,0.007457078,,,,
5322,-0.009576807,0.47884035,9.595961,,,,,,,
5323,,,,-0.008522376,-0.003195891,0.008522376,,,,
5328,,,,-0.004261188,-0.003195891,0.011718267,,,,
5328,,,,,,,32.4375,-47.875,-40.5625,
5332,-0.02873042,0.48841715,9.56723,,,,,,,
5333,,,,0.003195891,-0.007457078,0.012783563,,,,
5337,,,,0.012783563,-0.022371236,0.018110048,,,,
5342,-0.019153614,0.45968673,9.528923,,,,,,,
5343,,,,0.029828314,-0.040481284,0.02130594,,,,
5348,,,,0.046873067,-0.05539544,0.02769772,,,,
5348,,,,,,,32.5,-47.875,-40.6875,
5353,0,0.48841715,9.433155,,,,,,,
5353,,,,0.064983115,-0.07883197,0.029828314,,,,
5357,,,,0.07670138,-0.094811425,0.031958908,,,,
5362,0.047884032,0.48841715,9.385271,,,,,,,
5363,,,,0.08415846,-0.10759499,0.034089502,,,,
5368,,,,0.08415846,-0.10866029,0.034089502,,,,
5369,,,,,,,32.375,-47.9375,-40.625,
5372,0.05746084,0.48841715,9.279925,,,,,,,
5372,,,,0.07350549,-0.1043991,0.033024207,,,,
5377,,,,0.058591332,-0.091615535,0.029828314,,,,
5382,0.095768064,0.47884035,9.356541,,,,,,,
5383,,,,0.036220096,-0.07137489,0.02450183,,,,
5388,,,,0.008522376,-0.04793836,0.017044751,,,,
5389,,,,,,,32.375,-48.0625,-40.5625,
5392,0.10534488,0.50757074,9.299079,,,,,,,
5392,,,,-0.020240642,-0.022371236,0.009587673,,,,
5397,,,,-0.046873067,-0.002130594,0.003195891,,,,
5402,0.038307227,0.5267244,9.241618,,,,,,,
5403,,,,-0.068179004,0.017044751,-0.003195891,,,,
5408,,,,-0.08628905,0.029828314,-0.012783563,,,,
5408,,,,,,,32.5625,-48.1875,-40.5625,
5412,0.02873042,0.4309563,9.414001,,,,,,,
5413,,,,-0.10120321,0.045807768,-0.018110048,,,,
5417,,,,-0.11185618,0.050068956,-0.02450183,,,,
5422,-0.02873042,0.4213795,9.557653,,,,,,,
5423,,,,-0.113986775,0.043677174,-0.022371236,,,,
5428,,,,-0.11292148,0.033024207,-0.018110048,,,,
5428,,,,,,,32.375,-48.1875,-40.375,
5432,-0.076614454,0.38307226,9.624691,,,,,,,
5433,,,,-0.10120321,0.023436533,-0.019175345,,,,
5437,,,,-0.092680834,0.011718267,-0.01384886,,,,
5442,-0.038307227,0.35434186,9.691729,,,,,,,
5442,,,,-0.07883197,0.007457078,-0.01065297,,,,
5447,,,,-0.06285252,0,-0.002130594,,,,
5448,,,,,,,32.4375,-48.3125,-40.1875,
5452,-0.009576807,0.36391866,9.701305,,,,,,,
5453,,,,-0.053264845,-0.012783563,0.005326485,,,,
5457,,,,-0.039415985,-0.023436533,0.011718267,,,,
5462,0.038307227,0.40222588,9.701305,,,,,,,
5463,,,,-0.029828314,-0.035154797,0.014914157,,,,
5468,,,,-0.014914157,-0.03728539,0.018110048,,,,
5469,,,,,,,32.4375,-48.125,-40.125,
5472,0.05746084,0.4309563,9.701305,,,,,,,
5473,,,,-0.009587673,-0.033024207,0.018110048,,,,
5477,,,,-0.002130594,-0.029828314,0.015979454,,,,
5482,0.10534488,0.545878,9.662998,,,,,,,
5483,,,,-0.001065297,-0.014914157,0.012783563,,,,
5488,,,,0,-0.001065297,0.009587673,,,,
5492,0.15322891,0.5650316,9.471462,,,,,,,
5492,,,,-0.004261188,0.019175345,0.007457078,,,,
5497,,,,-0.019175345,0.03835069,0.002130594,,,,
5502,0.12449849,0.60333884,9.404425,,,,,,,
5503,,,,-0.035154797,0.054330144,-0.003195891,,,,
5508,,,,-0.05539544,0.068179004,-0.012783563,,,,
5508,,,,,,,32.25,-47.8125,-40.0625,
5512,0.076614454,0.62249243,9.251195,,,,,,,
5513,,,,-0.07244019,0.07883197,-0.015979454,,,,
5517,,,,-0.089484945,0.089484945,-0.023436533,,,,
5522,0.02873042,0.61291564,9.232041,,,,,,,
5523,,,,-0.1033338,0.089484945,-0.02769772,,,,
5528,,,,-0.113986775,0.08628905,-0.031958908,,,,
5529,,,,,,,32.3125,-47.875,-40.25,
5533,-0.038307227,0.60333884,9.241618,,,,,,,
5533,,,,-0.116117366,0.068179004,-0.031958908,,,,
5537,,,,-0.11185618,0.040481284,-0.031958908,,,,
5542,-0.095768064,0.5650316,9.385271,,,,,,,
5543,,,,-0.10013791,0.01384886,-0.03089361,,,,
5548,,,,-0.08735435,-0.017044751,-0.02769772,,,,
5549,,,,,,,32.3125,-47.6875,-40.4375,
5553,-0.06703765,0.48841715,9.452309,,,,,,,
5553,,,,-0.070309594,-0.043677174,-0.02450183,,,,
5558,,,,-0.059656627,-0.064983115,-0.026632423,,,,
5562,-0.095768064,0.46926352,9.509769,,,,,,,
5563,,,,-0.053264845,-0.07883197,-0.026632423,,,,
5569,,,,,,,32.375,-47.4375,-40.625,
5569,,,,-0.05539544,-0.08096257,-0.025567126,,,,
5573,-0.06703765,0.41180268,9.605537,,,,,,,
5574,,,,-0.05539544,-0.07670138,-0.025567126,,,,
5577,,,,-0.059656627,-0.064983115,-0.02769772,,,,
5582,-0.05746084,0.39264908,9.691729,,,,,,,
5583,,,,-0.06178722,-0.05646074,-0.02450183,,,,
5589,,,,,,,32.5625,-47.5625,-40.875,
5590,,,,-0.059656627,-0.050068956,-0.02130594,,,,
5592,-0.06703765,0.39264908,9.787497,,,,,,,
5593,,,,-0.054330144,-0.039415985,-0.020240642,,,,
5597,,,,-0.04900366,-0.029828314,-0.018110048,,,,
5602,-0.05746084,0.31603462,9.720459,,,,,,,
5603,,,,-0.045807768,-0.014914157,-0.015979454,,,,
5608,,,,-0.044742472,0.004261188,-0.015979454,,,,
5609,,,,,,,32.6875,-47.5,-40.8125,
5612,-0.009576807,0.32561144,9.643845,,,,,,,
5613,,,,-0.045807768,0.019175345,-0.012783563,,,,
5618,,,,-0.05219955,0.03728539,-0.007457078,,,,
5624,-0.047884032,0.34476504,9.576807,,,,,,,
5624,,,,-0.059656627,0.046873067,-0.006391781,,,,
5628,,,,-0.0692443,0.045807768,-0.01065297,,,,
5634,-0.038307227,0.33518824,9.509769,,,,,,,
5634,,,,-0.068179004,0.03728539,-0.01384886,,,,
5638,,,,-0.064983115,0.03089361,-0.018110048,,,,
5642,-0.047884032,0.31603462,9.481039,,,,,,,
5643,,,,-0.058591332,0.02130594,-0.02130594,,,,
5648,,,,-0.04900366,0.012783563,-0.02769772,,,,
5649,,,,,,,33,-47.625,-41.125,
5652,-0.06703765,0.32561144,9.375694,,,,,,,
5653,,,,-0.040481284,0.001065297,-0.02769772,,,,
5658,,,,-0.039415985,-0.002130594,-0.026632423,,,,
5662,-0.009576807,0.36391866,9.394848,,,,,,,
5663,,,,-0.044742472,-0.004261188,-0.028763017,,,,
5668,,,,-0.053264845,-0.003195891,-0.031958908,,,,
5669,,,,,,,32.9375,-47.8125,-41.1875,
5673,-0.02873042,0.30645782,9.414001,,,,,,,
5673,,,,-0.06285252,0.002130594,-0.033024207,,,,
5677,,,,-0.07457078,0.002130594,-0.036220096,,,,
5682,0.019153614,0.31603462,9.461885,,,,,,,
5683,,,,-0.07563608,0.002130594,-0.03835069,,,,
5688,,,,-0.0692443,-0.002130594,-0.039415985,,,,
5693,-0.038307227,0.2873042,9.481039,,,,,,,
5693,,,,-0.05646074,-0.006391781,-0.03728539,,,,
5697,,,,-0.04154658,-0.006391781,-0.03835069,,,,
5703,-0.038307227,0.29688102,9.490616,,,,,,,
5703,,,,-0.031958908,-0.009587673,-0.03728539,,,,
5708,,,,-0.03089361,0,-0.034089502,,,,
5709,,,,,,,33.1875,-47.5,-41.3125,
5712,-0.019153614,0.32561144,9.500193,,,,,,,
5713,,,,-0.03835069,0.012783563,-0.03089361,,,,
5718,,,,-0.054330144,0.02769772,-0.03089361,,,,
5723,-0.047884032,0.36391866,9.433155,,,,,,,
5723,,,,-0.07137489,0.04900366,-0.031958908,,,,
5728,,,,-0.09055024,0.059656627,-0.035154797,,,,
5729,,,,,,,33.125,-47.5625,-41.25,
5732,-0.10534488,0.35434186,9.385271,,,,,,,
5733,,,,-0.1033338,0.05646074,-0.031958908,,,,
5738,,,,-0.11079088,0.05646074,-0.034089502,,,,
5743,-0.076614454,0.38307226,9.471462,,,,,,,
5743,,,,-0.10759499,0.050068956,-0.04261188,,,,
5748,,,,-0.09587672,0.034089502,-0.04900366,,,,
5749,,,,,,,33.4375,-47.625,-41.125,
5754,-0.076614454,0.33518824,9.471462,,,,,,,
5754,,,,-0.08096257,0.018110048,-0.05113425,,,,
5758,,,,-0.06178722,-0.002130594,-0.050068956,,,,
5762,-0.10534488,0.30645782,9.490616,,,,,,,
5763,,,,-0.046873067,-0.014914157,-0.04900366,,,,
5768,,,,-0.043677174,-0.03089361,-0.046873067,,,,
5769,,,,,,,33.4375,-47.6875,-41.3125,
5772,-0.17238252,0.2777274,9.605537,,,,,,,
5773,,,,-0.04261188,-0.044742472,-0.043677174,,,,
5777,,,,-0.039415985,-0.04900366,-0.036220096,,,,
5782,-0.19153613,0.25857377,9.548077,,,,,,,
5783,,,,-0.03089361,-0.058591332,-0.03089361,,,,
5788,,,,-0.019175345,-0.05646074,-0.02130594,,,,
5789,,,,,,,33.4375,-47.75,-41.3125,
5792,-0.21068975,0.23942018,9.634268,,,,,,,
5793,,,,-0.006391781,-0.04900366,-0.017044751,,,,
5797,,,,0.001065297,-0.03835069,-0.007457078,,,,
5802,-0.17238252,0.22026655,9.605537,,,,,,,
5804,,,,0,-0.025567126,-0.004261188,,,,
5808,,,,-0.005326485,-0.01065297,0.004261188,,,,
5809,,,,,,,33.5,-47.6875,-41.3125,
5812,-0.23942018,0.2777274,9.576807,,,,,,,
5813,,,,-0.014914157,-0.006391781,0.007457078,,,,
5817,,,,-0.02450183,-0.001065297,0.009587673,,,,
5823,-0.22984336,0.31603462,9.423578,,,,,,,
5824,,,,-0.035154797,0.004261188,0.008522376,,,,
5828,,,,-0.044742472,0.008522376,0.005326485,,,,
5832,-0.21068975,0.31603462,9.557653,,,,,,,
5833,,,,-0.05646074,0.009587673,0.002130594,,,,
5837,,,,-0.06178722,0.006391781,-0.001065297,,,,
5842,-0.21068975,0.2873042,9.5385,,,,,,,
5843,,,,-0.06604841,0.001065297,-0.005326485,,,,
5848,,,,-0.06285252,-0.011718267,-0.006391781,,,,
5849,,,,,,,33.5625,-47.5,-41.125,
5853,-0.25857377,0.22984336,9.500193,,,,,,,
5853,,,,-0.058591332,-0.022371236,-0.009587673,,,,
5858,,,,-0.046873067,-0.034089502,-0.007457078,,,,
5862,-0.2777274,0.22026655,9.548077,,,,,,,
5863,,,,-0.034089502,-0.057526033,-0.002130594,,,,
5868,,,,-0.022371236,-0.0692443,0.003195891,,,,
5870,,,,,,,33.625,-47.5,-41.0625,
5873,-0.22984336,0.18195933,9.586384,,,,,,,
5873,,,,-0.011718267,-0.07989727,0.009587673,,,,
5877,,,,-0.003195891,-0.08415846,0.015979454,,,,
5882,-0.25857377,0.17238252,9.5385,,,,,,,
5882,,,,0.002130594,-0.088419646,0.02450183,,,,
5888,,,,0.009587673,-0.091615535,0.031958908,,,,
5889,,,,,,,33.625,-47.5,-41.0625,
5892,-0.19153613,0.20111294,9.615114,,,,,,,
5893,,,,0.01065297,-0.089484945,0.03728539,,,,
5897,,,,0.014914157,-0.08309316,0.039415985,,,,
5903,-0.19153613,0.21068975,9.605537,,,,,,,
5903,,,,0.017044751,-0.070309594,0.04261188,,,,
5908,,,,,,,33.5,-47.375,-41.125,
5909,,,,0.014914157,-0.05539544,0.04793836,,,,
5913,-0.1436521,0.20111294,9.662998,,,,,,,
5914,,,,0.01384886,-0.040481284,0.05219955,,,,
5918,,,,0.012783563,-0.02450183,0.059656627,,,,
5922,-0.17238252,0.22026655,9.576807,,,,,,,
5923,,,,0.011718267,-0.009587673,0.068179004,,,,
5928,,,,0.009587673,-0.003195891,0.07776668,,,,
5929,,,,,,,33.3125,-47.0625,-41.3125,
5932,-0.19153613,0.20111294,9.528923,,,,,,,
5932,,,,0.009587673,-0.004261188,0.08628905,,,,
5937,,,,0.002130594,-0.008522376,0.092680834,,,,
5942,-0.12449849,0.22026655,9.509769,,,,,,,
5943,,,,-0.001065297,-0.003195891,0.089484945,,,,
5948,,,,-0.001065297,-0.004261188,0.08415846,,,,
5949,,,,,,,33.3125,-46.9375,-41.3125,
5953,-0.038307227,0.32561144,9.471462,,,,,,,
5953,,,,0.006391781,-0.002130594,0.07670138,,,,
5958,,,,0.01065297,-0.009587673,0.07350549,,,,
5962,-0.02873042,0.33518824,9.500193,,,,,,,
5963,,,,0.01065297,-0.007457078,0.063917816,,,,
5968,,,,,,,33.3125,-47,-41.1875,
5970,,,,0.012783563,-0.007457078,0.05539544,,,,
5972,0,0.31603462,9.356541,,,,,,,
5973,,,,0.003195891,-0.002130594,0.046873067,,,,
5977,,,,-0.009587673,0.003195891,0.04154658,,,,
5982,0,0.36391866,9.375694,,,,,,,
5983,,,,-0.02450183,-0.001065297,0.034089502,,,,
5989,,,,,,,33.375,-47.125,-41.3125,
5989,,,,-0.036220096,0.002130594,0.03089361,,,,
5993,-0.019153614,0.36391866,9.404425,,,,,,,
5993,,,,-0.05219955,0.001065297,0.02450183,,,,
5997,,,,-0.06285252,0.005326485,0.023436533,,,,
6003,0.05746084,0.2777274,9.461885,,,,,,,
6003,,,,-0.064983115,0.006391781,0.023436533,,,,
6009,,,,,,,33.1875,-47.1875,-41.375,
6009,,,,-0.058591332,0.004261188,0.023436533,,,,
6013,0.06703765,0.32561144,9.490616,,,,,,,
6013,,,,-0.045807768,0.007457078,0.019175345,,,,
6018,,,,-0.028763017,0.005326485,0.019175345,,,,
6023,0.11492168,0.36391866,9.519346,,,,,,,
6023,,,,-0.018110048,0.003195891,0.02130594,,,,
6028,,,,-0.011718267,0.004261188,0.018110048,,,,
6029,,,,,,,33.25,-47.1875,-41.375,
6033,0.047884032,0.36391866,9.5385,,,,,,,
6033,,,,-0.012783563,0.005326485,0.012783563,,,,
6038,,,,-0.017044751,0.003195891,0.007457078,,,,
6043,0.08619126,0.40222588,9.452309,,,,,,,
6044,,,,-0.019175345,0.003195891,0.006391781,,,,
6048,,,,-0.017044751,0.002130594,0.004261188,,,,
6049,,,,,,,33.3125,-47.1875,-41.25,
6053,0.06703765,0.40222588,9.500193,,,,,,,
6054,,,,-0.017044751,-0.002130594,0.002130594,,,,
6057,,,,-0.012783563,-0.003195891,-0.002130594,,,,
6062,0.11492168,0.39264908,9.375694,,,,,,,
6068,,,,-0.017044751,0.002130594,-0.009587673,,,,
6069,,,,,,,33.25,-47.125,-41.1875,
6070,,,,-0.018110048,0.003195891,-0.012783563,,,,
6073,0.038307227,0.40222588,9.32781,,,,,,,
6073,,,,-0.023436533,0.003195891,-0.017044751,,,,
6078,,,,-0.029828314,0.002130594,-0.022371236,,,,
6083,0.019153614,0.36391866,9.337387,,,,,,,
6083,,,,-0.040481284,0,-0.02450183,,,,
6088,,,,-0.054330144,-0.003195891,-0.034089502,,,,
6089,,,,,,,33.4375,-47.25,-41.1875,
6093,0.05746084,0.37349546,9.337387,,,,,,,
6093,,,,-0.067113705,-0.003195891,-0.039415985,,,,
6097,,,,-0.07350549,-0.008522376,-0.046873067,,,,
6102,-0.095768064,0.2681506,9.461885,,,,,,,
6102,,,,-0.07670138,-0.015979454,-0.046873067,,,,
6108,,,,-0.07244019,-0.029828314,-0.044742472,,,,
6108,,,,,,,33.25,-47.3125,-41.1875,
6112,-0.11492168,0.16280572,9.548077,,,,,,,
6112,,,,-0.059656627,-0.04261188,-0.04154658,,,,
6117,,,,-0.04793836,-0.054330144,-0.03835069,,,,
6124,-0.1436521,0.15322891,9.576807,,,,,,,
6124,,,,-0.040481284,-0.04900366,-0.03089361,,,,
6128,,,,-0.039415985,-0.04793836,-0.023436533,,,,
6133,-0.21068975,0.1436521,9.548077,,,,,,,
6133,,,,-0.035154797,-0.04793836,-0.014914157,,,,
6138,,,,-0.034089502,-0.05113425,-0.007457078,,,,
6143,-0.15322891,0.15322891,9.643845,,,,,,,
6143,,,,-0.028763017,-0.05219955,-0.001065297,,,,
6148,,,,-0.026632423,-0.05113425,0.003195891,,,,
6149,,,,,,,33.3125,-47,-41.3125,
6152,-0.17238252,0.1340753,9.643845,,,,,,,
6152,,,,-0.022371236,-0.045807768,0.008522376,,,,
6157,,,,-0.020240642,-0.03835069,0.01384886,,,,
6162,-0.18195933,0.11492168,9.595961,,,,,,,
6163,,,,-0.015979454,-0.03835069,0.020240642,,,,
6168,,,,-0.01065297,-0.035154797,0.02450183,,,,
6168,,,,,,,33.5,-47.1875,-41.3125,
6172,-0.15322891,0.15322891,9.595961,,,,,,,
6173,,,,-0.008522376,-0.04154658,0.02769772,,,,
6177,,,,-0.001065297,-0.044742472,0.031958908,,,,
6182,-0.24899697,0.17238252,9.586384,,,,,,,
6182,,,,0.005326485,-0.054330144,0.029828314,,,,
6188,,,,0.009587673,-0.068179004,0.031958908,,,,
6189,,,,,,,33.4375,-47.25,-41.125,
6192,-0.18195933,0.1340753,9.500193,,,,,,,
6192,,,,0.015979454,-0.07244019,0.033024207,,,,
6198,,,,0.019175345,-0.07670138,0.026632423,,,,
6202,-0.16280572,0.20111294,9.519346,,,,,,,
6202,,,,0.011718267,-0.06604841,0.023436533,,,,
6208,,,,0.001065297,-0.053264845,0.02130594,,,,
6208,,,,,,,33.1875,-47.1875,-41.4375,
6212,-0.1436521,0.19153613,9.490616,,,,,,,
6213,,,,-0.018110048,-0.033024207,0.014914157,,,,
6217,,,,-0.035154797,-0.018110048,0.011718267,,,,
6223,-0.21068975,0.17238252,9.576807,,,,,,,
6224,,,,-0.054330144,-0.003195891,0.007457078,,,,
6228,,,,,,,33.4375,-47.125,-41.5625,
6229,,,,-0.063917816,0.002130594,0.002130594,,,,
6232,-0.25857377,0.10534488,9.5385,,,,,,,
6233,,,,-0.064983115,0,0.003195891,,,,
6237,,,,-0.054330144,-0.005326485,0.005326485,,,,
6243,-0.22984336,0.05746084,9.557653,,,,,,,
6243,,,,-0.03835069,-0.011718267,0.006391781,,,,
6248,,,,-0.018110048,-0.02450183,0.014914157,,,,
6249,,,,,,,33.3125,-47.3125,-41.5625,
6253,-0.22026655,0.05746084,9.605537,,,,,,,
6253,,,,-0.002130594,-0.043677174,0.02130594,,,,
6257,,,,0.019175345,-0.060721926,0.025567126,,,,
6262,-0.17238252,0.18195933,9.548077,,,,,,,
6263,,,,0.029828314,-0.07989727,0.028763017,,,,
6268,,,,0.029828314,-0.089484945,0.025567126,,,,
6269,,,,,,,33.4375,-47.1875,-41.5,
6273,-0.06703765,0.15322891,9.576807,,,,,,,
6274,,,,0.02450183,-0.09055024,0.020240642,,,,
6278,,,,0.01384886,-0.08522376,0.011718267,,,,
6282,0.05746084,0.18195933,9.557653,,,,,,,
6283,,,,-0.003195891,-0.067113705,0.002130594,,,,
6288,,,,-0.022371236,-0.043677174,-0.005326485,,,,
6289,,,,,,,33.4375,-47.125,-41.625,
6293,0.02873042,0.23942018,9.548077,,,,,,,
6294,,,,-0.03728539,-0.020240642,-0.012783563,,,,
6298,,,,-0.050068956,0.003195891,-0.018110048,,,,
6302,0.02873042,0.22984336,9.634268,,,,,,,
6303,,,,-0.057526033,0.015979454,-0.02130594,,,,
6308,,,,-0.060721926,0.03089361,-0.025567126,,,,
6309,,,,,,,33.25,-47.0625,-41.5,
6313,-0.009576807,0.21068975,9.615114,,,,,,,
6313,,,,-0.059656627,0.034089502,-0.02769772,,,,
6318,,,,-0.057526033,0.03728539,-0.02769772,,,,
6323,-0.02873042,0.22984336,9.481039,,,,,,,
6323,,,,-0.05113425,0.035154797,-0.028763017,,,,
6328,,,,-0.04261188,0.023436533,-0.02450183,,,,
6329,,,,,,,33.0625,-46.9375,-41.375,
6332,-0.019153614,0.19153613,9.452309,,,,,,,
6333,,,,-0.03728539,0.014914157,-0.02130594,,,,
6338,,,,-0.028763017,0.004261188,-0.018110048,,,,
6343,-0.08619126,0.23942018,9.528923,,,,,,,
6344,,,,-0.022371236,-0.011718267,-0.01384886,,,,
6349,,,,-0.012783563,-0.022371236,-0.014914157,,,,
6353,-0.076614454,0.22984336,9.433155,,,,,,,
6354,,,,-0.009587673,-0.034089502,-0.011718267,,,,
6358,,,,-0.004261188,-0.04154658,-0.003195891,,,,
6363,-0.019153614,0.24899697,9.452309,,,,,,,
6363,,,,-0.003195891,-0.04900366,-0.003195891,,,,
6370,,,,,,,33.1875,-46.875,-41.5,
6371,,,,-0.003195891,-0.046873067,0.001065297,,,,
6373,-0.076614454,0.2681506,9.509769,,,,,,,
6374,,,,-0.006391781,-0.04793836,0.004261188,,,,
6378,,,,-0.006391781,-0.045807768,0.006391781,,,,
6383,-0.038307227,0.2777274,9.557653,,,,,,,
6386,,,,-0.01065297,-0.04261188,0.01065297,,,,
6390,,,,,,,32.8125,-47,-41.5625,
6390,,,,-0.018110048,-0.044742472,0.012783563,,,,
6393,-0.009576807,0.24899697,9.461885,,,,,,,
6393,,,,-0.026632423,-0.03728539,0.011718267,,,,
6397,,,,-0.035154797,-0.028763017,0.01065297,,,,
6402,-0.08619126,0.25857377,9.481039,,,,,,,
6403,,,,-0.04154658,-0.025567126,0.008522376,,,,
6408,,,,-0.04261188,-0.02769772,0.007457078,,,,
6409,,,,,,,32.75,-46.875,-41.625,
6413,-0.18195933,0.17238252,9.481039,,,,,,,
6413,,,,-0.044742472,-0.033024207,0.006391781,,,,
6417,,,,-0.040481284,-0.040481284,0.012783563,,,,
6422,-0.23942018,0.12449849,9.461885,,,,,,,
6423,,,,-0.036220096,-0.043677174,0.015979454,,,,
6428,,,,-0.028763017,-0.04793836,0.028763017,,,,
6429,,,,,,,32.8125,-46.8125,-41.75,
6433,-0.20111294,0.038307227,9.576807,,,,,,,
6433,,,,-0.028763017,-0.044742472,0.03835069,,,,
6438,,,,-0.02130594,-0.043677174,0.04793836,,,,
6443,-0.21068975,0.11492168,9.452309,,,,,,,
6443,,,,-0.022371236,-0.03728539,0.05219955,,,,
6448,,,,-0.025567126,-0.028763017,0.05219955,,,,
6449,,,,,,,32.875,-47,-41.6875,
6453,-0.23942018,0.1340753,9.461885,,,,,,,
6453,,,,-0.03089361,-0.029828314,0.054330144,,,,
6458,,,,-0.03728539,-0.029828314,0.05219955,,,,
6462,-0.22984336,0.10534488,9.461885,,,,,,,
6463,,,,-0.045807768,-0.03089361,0.053264845,,,,
6468,,,,-0.05113425,-0.031958908,0.054330144,,,,
6469,,,,,,,33,-47.125,-41.5625,
6473,-0.22984336,0.095768064,9.452309,,,,,,,
6473,,,,-0.059656627,-0.040481284,0.05539544,,,,
6478,,,,-0.05539544,-0.04793836,0.059656627,,,,
6483,-0.19153613,0.076614454,9.509769,,,,,,,
6483,,,,-0.053264845,-0.060721926,0.064983115,,,,
6488,,,,-0.05113425,-0.06604841,0.064983115,,,,
6489,,,,,,,33,-47,-41.5625,
6492,-0.1436521,0.08619126,9.586384,,,,,,,
6493,,,,-0.043677174,-0.064983115,0.067113705,,,,
6498,,,,-0.036220096,-0.0692443,0.064983115,,,,
6502,-0.16280572,0.038307227,9.662998,,,,,,,
6503,,,,-0.036220096,-0.063917816,0.067113705,,,,
6508,,,,-0.035154797,-0.06285252,0.067113705,,,,
6509,,,,,,,33.0625,-47,-41.5,
6513,-0.15322891,0.08619126,9.672575,,,,,,,
6513,,,,-0.034089502,-0.060721926,0.07244019,,,,
6518,,,,-0.033024207,-0.063917816,0.07350549,,,,
6524,-0.095768064,0.095768064,9.701305,,,,,,,
6527,,,,-0.029828314,-0.067113705,0.07883197,,,,
6528,,,,-0.023436533,-0.07244019,0.08415846,,,,
6529,,,,,,,32.9375,-46.6875,-41.6875,
6533,-0.02873042,0.21068975,9.653421,,,,,,,
6533,,,,-0.012783563,-0.07670138,0.088419646,,,,
6538,,,,-0.001065297,-0.07989727,0.08628905,,,,
6543,0.019153614,0.23942018,9.605537,,,,,,,
6543,,,,0.011718267,-0.07776668,0.088419646,,,,
6549,,,,,,,32.9375,-46.75,-41.625,
6549,,,,0.022371236,-0.07137489,0.08522376,,,,
6553,0.02873042,0.33518824,9.595961,,,,,,,
6553,,,,0.031958908,-0.068179004,0.08202787,,,,
6559,,,,0.039415985,-0.068179004,0.08309316,,,,
6564,0.08619126,0.33518824,9.452309,,,,,,,
6564,,,,0.046873067,-0.06604841,0.08096257,,,,
6568,,,,0.044742472,-0.063917816,0.07883197,,,,
6569,,,,,,,33.1875,-46.8125,-41.5,
6573,0.15322891,0.36391866,9.471462,,,,,,,
6573,,,,0.043677174,-0.05646074,0.07350549,,,,
6578,,,,0.034089502,-0.050068956,0.064983115,,,,
6582,0.22984336,0.45010993,9.356541,,,,,,,
6583,,,,0.023436533,-0.03835069,0.05539544,,,,
6588,,,,0.006391781,-0.014914157,0.039415985,,,,
6589,,,,,,,33.1875,-46.875,-41.5,
6592,0.22984336,0.46926352,9.394848,,,,,,,
6593,,,,-0.020240642,0.01065297,0.023436533,,,,
6598,,,,-0.04261188,0.033024207,0.005326485,,,,
6603,0.15322891,0.46926352,9.423578,,,,,,,
6603,,,,-0.06285252,0.043677174,-0.014914157,,,,
6608,,,,-0.07670138,0.04793836,-0.025567126,,,,
6609,,,,,,,33.3125,-46.75,-41.5,
6613,0.12449849,0.35434186,9.404425,,,,,,,
6613,,,,-0.08309316,0.04261188,-0.03728539,,,,
6618,,,,-0.08309316,0.031958908,-0.044742472,,,,
6623,0.047884032,0.21068975,9.500193,,,,,,,
6623,,,,-0.07137489,0.019175345,-0.046873067,,,,
6628,,,,-0.059656627,0.001065297,-0.046873067,,,,
6629,,,,,,,33.375,-46.6875,-41.625,
6632,-0.02873042,0.12449849,9.5385,,,,,,,
6633,,,,-0.043677174,-0.01384886,-0.04261188,,,,
6638,,,,-0.025567126,-0.03089361,-0.040481284,,,,
6643,-0.06703765,0.06703765,9.643845,,,,,,,
6643,,,,-0.011718267,-0.040481284,-0.031958908,,,,
6648,,,,0,-0.046873067,-0.028763017,,,,
6650,,,,,,,33.5,-46.8125,-41.75,
6653,-0.02873042,0.08619126,9.595961,,,,,,,
6653,,,,0.007457078,-0.05113425,-0.02769772,,,,
6658,,,,0.01065297,-0.04261188,-0.025567126,,,,
6662,-0.05746084,0,9.605537,,,,,,,
6663,,,,0.011718267,-0.031958908,-0.022371236,,,,
6668,,,,0.007457078,-0.02130594,-0.02130594,,,,
6673,-0.095768064,0.038307227,9.615114,,,,,,,
6673,,,,0,-0.015979454,-0.017044751,,,,
6678,,,,-0.001065297,-0.008522376,-0.01065297,,,,
6683,-0.095768064,0,9.557653,,,,,,,
6684,,,,-0.005326485,0,-0.004261188,,,,
6688,,,,-0.009587673,0.011718267,-0.004261188,,,,
6689,,,,,,,33.5,-47.25,-41.8125,
6693,-0.17238252,-0.009576807,9.490616,,,,,,,
6694,,,,-0.015979454,0.02450183,0,,,,
6698,,,,-0.02450183,0.029828314,0.002130594,,,,
6703,-0.20111294,0.06703765,9.528923,,,,,,,
6703,,,,-0.029828314,0.028763017,0.004261188,,,,
6709,,,,,,,33.6875,-47.0625,-41.6875,
6710,,,,-0.035154797,0.02130594,0.004261188,,,,
6713,-0.23942018,0.05746084,9.471462,,,,,,,
6713,,,,-0.036220096,0.014914157,0.002130594,,,,
6718,,,,-0.035154797,0.01065297,0.002130594,,,,
6723,-0.22984336,0.009576807,9.509769,,,,,,,
6723,,,,-0.029828314,0.01065297,0.002130594,,,,
6728,,,,-0.026632423,0.005326485,0.003195891,,,,
6730,,,,,,,33.6875,-47.0625,-41.625,
6733,-0.2873042,-0.019153614,9.414001,,,,,,,
6734,,,,-0.02450183,0,0.01065297,,,,
6738,,,,-0.02450183,-0.011718267,0.014914157,,,,
6745,-0.2681506,0,9.500193,,,,,,,
6746,,,,-0.023436533,-0.025567126,0.02130594,,,,
6749,,,,,,,33.5625,-47.125,-41.625,
6750,,,,-0.015979454,-0.03835069,0.02769772,,,,
6753,-0.20111294,0.02873042,9.528923,,,,,,,
6754,,,,-0.009587673,-0.04900366,0.031958908,,,,
6758,,,,0,-0.05539544,0.035154797,,,,
6763,-0.15322891,0.05746084,9.490616,,,,,,,
6763,,,,0.005326485,-0.057526033,0.039415985,,,,
6768,,,,0.006391781,-0.060721926,0.039415985,,,,
6769,,,,,,,33.3125,-47.1875,-41.8125,
6773,-0.16280572,0.10534488,9.5385,,,,,,,
6773,,,,0.004261188,-0.06285252,0.04261188,,,,
6778,,,,0,-0.059656627,0.043677174,,,,
6783,-0.15322891,0.1436521,9.528923,,,,,,,
6783,,,,-0.007457078,-0.050068956,0.04154658,,,,
6788,,,,-0.015979454,-0.034089502,0.039415985,,,,
6789,,,,,,,33.25,-47.25,-41.9375,
6797,-0.076614454,0.10534488,9.433155,,,,,,,
6798,,,,-0.031958908,-0.006391781,0.045807768,,,,
6799,,,,-0.031958908,-0.006391781,0.045807768,,,,
6803,-0.095768064,0.12449849,9.500193,,,,,,,
6803,,,,-0.036220096,0.003195891,0.043677174,,,,
6811,,,,,,,33.125,-47.25,-42.0625,
6812,,,,-0.033024207,0.007457078,0.05219955,,,,
6814,-0.095768064,0.16280572,9.442732,,,,,,,
6814,,,,-0.03089361,0.007457078,0.05219955,,,,
6817,,,,-0.025567126,0.003195891,0.050068956,,,,
6823,-0.08619126,0.18195933,9.500193,,,,,,,
6823,,,,-0.020240642,-0.01065297,0.046873067,,,,
6830,,,,-0.015979454,-0.02450183,0.043677174,,,,
6831,,,,,,,33.1875,-47.375,-42.0625,
6833,-0.076614454,0.21068975,9.481039,,,,,,,
6833,,,,-0.012783563,-0.034089502,0.04154658,,,,
6838,,,,-0.008522376,-0.046873067,0.03728539,,,,
6843,-0.009576807,0.22026655,9.500193,,,,,,,
6845,,,,-0.014914157,-0.046873067,0.029828314,,,,
6848,,,,-0.022371236,-0.045807768,0.02130594,,,,
6850,,,,,,,33.0625,-47.3125,-41.8125,
6853,0.009576807,0.16280572,9.56723,,,,,,,
6853,,,,-0.03089361,-0.03835069,0.015979454,,,,
6858,,,,-0.03835069,-0.025567126,0.01065297,,,,
6863,0,0.15322891,9.605537,,,,,,,
6864,,,,-0.040481284,-0.015979454,0.004261188,,,,
6868,,,,-0.04261188,-0.005326485,0.005326485,,,,
6869,,,,,,,33,-47.4375,-41.875,
6873,-0.038307227,0.15322891,9.643845,,,,,,,
6873,,,,-0.043677174,0.004261188,0.007457078,,,,
6878,,,,-0.03728539,0.001065297,0.009587673,,,,
6883,-0.05746084,0.076614454,9.653421,,,,,,,
6883,,,,-0.03089361,-0.007457078,0.012783563,,,,
6888,,,,-0.019175345,-0.008522376,0.011718267,,,,
6889,,,,,,,33,-47.375,-42.1875,
6893,-0.038307227,0.10534488,9.615114,,,,,,,
6893,,,,-0.007457078,-0.01384886,0.01384886,,,,
6898,,,,0.005326485,-0.015979454,0.019175345,,,,
6903,-0.047884032,0.06703765,9.576807,,,,,,,
6904,,,,0.01384886,-0.023436533,0.022371236,,,,
6908,,,,0.019175345,-0.023436533,0.023436533,,,,
6909,,,,,,,32.875,-47.1875,-42.125,
6913,-0.047884032,0.038307227,9.634268,,,,,,,
6913,,,,0.023436533,-0.019175345,0.02450183,,,,
6918,,,,0.026632423,-0.020240642,0.025567126,,,,
6923,-0.038307227,0.08619126,9.471462,,,,,,,
6923,,,,0.022371236,-0.019175345,0.025567126,,,,
6928,,,,,,,33.0625,-47.1875,-41.875,
6929,,,,0.017044751,-0.015979454,0.022371236,,,,
6933,-0.038307227,0.10534488,9.423578,,,,,,,
6933,,,,0.009587673,-0.01065297,0.018110048,,,,
6938,,,,-0.003195891,-0.004261188,0.015979454,,,,
6943,-0.019153614,0.095768064,9.509769,,,,,,,
6944,,,,-0.011718267,-0.002130594,0.012783563,,,,
6948,,,,-0.017044751,0.004261188,0.011718267,,,,
6949,,,,,,,33.125,-47.0625,-41.6875,
6953,-0.02873042,0.06703765,9.442732,,,,,,,
6953,,,,-0.019175345,0.002130594,0.009587673,,,,
6958,,,,-0.020240642,0.006391781,0.009587673,,,,
6963,-0.02873042,0.11492168,9.385271,,,,,,,
6963,,,,-0.022371236,0.003195891,0.007457078,,,,
6969,,,,-0.02450183,0.003195891,0.004261188,,,,
6970,,,,,,,33.375,-46.9375,-41.5625,
6973,-0.02873042,0.1436521,9.452309,,,,,,,
6973,,,,-0.029828314,0,0.003195891,,,,
6978,,,,-0.02450183,-0.007457078,-0.002130594,,,,
6983,-0.02873042,0.08619126,9.414001,,,,,,,
6983,,,,-0.020240642,-0.01384886,-0.003195891,,,,
6988,,,,-0.014914157,-0.019175345,-0.004261188,,,,
6989,,,,,,,33.375,-46.75,-41.5,
6993,-0.06703765,0.047884032,9.481039,,,,,,,
6993,,,,-0.009587673,-0.023436533,-0.001065297,,,,
6998,,,,-0.006391781,-0.02769772,-0.003195891,,,,
7003,-0.095768064,0.038307227,9.509769,,,,,,,
7003,,,,-0.004261188,-0.029828314,0.001065297,,,,
7009,,,,-0.005326485,-0.02769772,0.005326485,,,,
7010,,,,,,,33.5,-46.875,-41.6875,
7013,-0.095768064,0.047884032,9.557653,,,,,,,
7014,,,,-0.002130594,-0.02450183,0.009587673,,,,
7018,,,,-0.002130594,-0.02130594,0.008522376,,,,
7023,-0.05746084,0.095768064,9.576807,,,,,,,
7023,,,,-0.005326485,-0.012783563,0.006391781,,,,
7028,,,,-0.007457078,-0.003195891,0.009587673,,,,
7030,,,,,,,33.5625,-46.6875,-41.6875,
7033,-0.06703765,0.08619126,9.576807,,,,,,,
7033,,,,-0.012783563,0.006391781,0.004261188,,,,
7038,,,,-0.015979454,0.011718267,0,,,,
7042,-0.1436521,0.05746084,9.471462,,,,,,,
7043,,,,-0.023436533,0.018110048,-0.002130594,,,,
7048,,,,-0.02769772,0.019175345,-0.002130594,,,,
7049,,,,,,,33.625,-46.625,-41.4375,
7053,-0.11492168,0.076614454,9.490616,,,,,,,
7053,,,,-0.03089361,0.018110048,-0.003195891,,,,
7058,,,,-0.031958908,0.01384886,-0.006391781,,,,
7063,-0.1436521,0.06703765,9.5385,,,,,,,
7063,,,,-0.02769772,0,-0.007457078,,,,
7069,,,,-0.018110048,-0.011718267,-0.006391781,,,,
7073,-0.12449849,0.095768064,9.586384,,,,,,,
7073,,,,-0.007457078,-0.025567126,-0.002130594,,,,
7078,,,,0.009587673,-0.031958908,0,,,,
7084,-0.076614454,0.02873042,9.576807,,,,,,,
7085,,,,0.023436533,-0.03835069,0.004261188,,,,
7088,,,,0.036220096,-0.04154658,0.006391781,,,,
7089,,,,,,,33.6875,-46.8125,-41.5,
7092,-0.12449849,0.05746084,9.528923,,,,,,,
7093,,,,0.045807768,-0.043677174,0.01065297,,,,
7098,,,,0.044742472,-0.04154658,0.011718267,,,,
7104,-0.12449849,0.038307227,9.490616,,,,,,,
7104,,,,0.04154658,-0.033024207,0.015979454,,,,
7108,,,,0.036220096,-0.02450183,0.017044751,,,,
7109,,,,,,,33.625,-46.9375,-41.625,
7113,-0.1340753,0.047884032,9.461885,,,,,,,
7114,,,,0.025567126,-0.02130594,0.017044751,,,,
7118,,,,0.018110048,-0.017044751,0.015979454,,,,
7123,-0.1340753,0.019153614,9.461885,,,,,,,
7123,,,,0.01065297,-0.019175345,0.012783563,,,,
7128,,,,0.006391781,-0.020240642,0.011718267,,,,
7129,,,,,,,33.5,-46.875,-41.5625,
7133,-0.12449849,0.038307227,9.433155,,,,,,,
7133,,,,0.007457078,-0.025567126,0.01065297,,,,
7138,,,,0.002130594,-0.02130594,0.01065297,,,,
7143,-0.095768064,0.05746084,9.481039,,,,,,,
7143,,,,0.002130594,-0.018110048,0.007457078,,,,
7148,,,,-0.003195891,-0.01384886,0.006391781,,,,
7150,,,,,,,33.5625,-46.75,-41.6875,
7153,-0.076614454,0.047884032,9.500193,,,,,,,
7153,,,,-0.007457078,-0.007457078,0.004261188,,,,
7158,,,,-0.007457078,-0.001065297,0.004261188,,,,
7163,-0.12449849,0.05746084,9.471462,,,,,,,
7164,,,,-0.009587673,0.005326485,0.007457078,,,,
7168,,,,-0.012783563,0.008522376,0.01065297,,,,
7173,-0.095768064,0.047884032,9.433155,,,,,,,
7174,,,,-0.015979454,0.015979454,0.01065297,,,,
7178,,,,-0.023436533,0.017044751,0.011718267,,,,
7183,-0.11492168,0.047884032,9.385271,,,,,,,
7183,,,,-0.02769772,0.014914157,0.01384886,,,,
7188,,,,-0.03089361,0.009587673,0.015979454,,,,
7189,,,,,,,33.4375,-46.4375,-41.75,
7193,-0.12449849,0.08619126,9.452309,,,,,,,
7193,,,,-0.02450183,0.001065297,0.018110048,,,,
7198,,,,-0.022371236,-0.008522376,0.019175345,,,,
7203,-0.19153613,0.076614454,9.442732,,,,,,,
7204,,,,-0.017044751,-0.011718267,0.022371236,,,,
7208,,,,-0.012783563,-0.015979454,0.02130594,,,,
7209,,,,,,,33.4375,-46.5,-42,
7213,-0.20111294,0.12449849,9.433155,,,,,,,
7213,,,,-0.01384886,-0.019175345,0.022371236,,,,
7218,,,,-0.022371236,-0.01384886,0.02130594,,,,
7223,-0.17238252,0.15322891,9.528923,,,,,,,
7223,,,,-0.02769772,-0.014914157,0.022371236,,,,
7228,,,,-0.036220096,-0.01065297,0.022371236,,,,
7229,,,,,,,33.5,-46.4375,-41.8125,
7233,-0.17238252,0.1436521,9.519346,,,,,,,
7233,,,,-0.044742472,-0.01065297,0.022371236,,,,
7239,,,,-0.05219955,-0.01065297,0.02130594,,,,
7243,-0.15322891,0.08619126,9.595961,,,,,,,
7243,,,,-0.053264845,-0.014914157,0.020240642,,,,
7248,,,,-0.046873067,-0.02130594,0.020240642,,,,
7249,,,,,,,33.4375,-46.5,-41.875,
7253,-0.22026655,0.11492168,9.730036,,,,,,,
7253,,,,-0.036220096,-0.026632423,0.025567126,,,,
7258,,,,-0.023436533,-0.034089502,0.026632423,,,,
7263,-0.15322891,0.05746084,9.80665,,,,,,,
7264,,,,-0.008522376,-0.035154797,0.03089361,,,,
7269,,,,,,,33.4375,-46.5,-41.9375,
7270,,,,0.002130594,-0.040481284,0.036220096,,,,
7273,-0.1340753,0.06703765,9.816227,,,,,,,
7274,,,,0.011718267,-0.03835069,0.03835069,,,,
7278,,,,0.015979454,-0.035154797,0.039415985,,,,
7283,-0.1436521,0.05746084,9.749189,,,,,,,
7284,,,,0.020240642,-0.033024207,0.044742472,,,,
7288,,,,0.015979454,-0.023436533,0.046873067,,,,
7289,,,,,,,33.4375,-46.625,-42,
7293,-0.11492168,0.12449849,9.653421,,,,,,,
7293,,,,0.01384886,-0.020240642,0.046873067,,,,
7298,,,,0.009587673,-0.01384886,0.044742472,,,,
7303,-0.12449849,0.11492168,9.701305,,,,,,,
7303,,,,0.002130594,-0.012783563,0.04261188,,,,
7308,,,,-0.001065297,-0.009587673,0.040481284,,,,
7309,,,,,,,33.25,-46.75,-42,
7313,-0.15322891,0.095768064,9.634268,,,,,,,
7313,,,,-0.003195891,-0.01384886,0.040481284,,,,
7318,,,,-0.004261188,-0.019175345,0.039415985,,,,
7323,-0.18195933,0.06703765,9.682152,,,,,,,
7323,,,,-0.003195891,-0.025567126,0.040481284,,,,
7328,,,,0.002130594,-0.031958908,0.04154658,,,,
7329,,,,,,,33.0625,-47.125,-42.125,
7334,-0.1340753,0.019153614,9.643845,,,,,,,
7334,,,,0.009587673,-0.03089361,0.045807768,,,,
7338,,,,0.01384886,-0.03089361,0.05113425,,,,
7343,-0.18195933,0.05746084,9.662998,,,,,,,
7343,,,,0.02130594,-0.028763017,0.059656627,,,,
7348,,,,0.02769772,-0.02450183,0.06604841,,,,
7349,,,,,,,33.0625,-47.125,-41.9375,
7353,-0.22026655,0.076614454,9.653421,,,,,,,
7353,,,,0.035154797,-0.017044751,0.07457078,,,,
7358,,,,0.04793836,-0.008522376,0.08202787,,,,
7362,-0.1436521,0.06703765,9.528923,,,,,,,
7363,,,,0.058591332,-0.004261188,0.092680834,,,,
7368,,,,0.070309594,0.001065297,0.10013791,,,,
7369,,,,,,,33.125,-47,-41.9375,
7373,-0.12449849,0.1340753,9.452309,,,,,,,
7373,,,,0.07883197,0.001065297,0.10120321,,,,
7378,,,,0.089484945,-0.012783563,0.1022685,,,,
7383,-0.095768064,0.22026655,9.32781,,,,,,,
7383,,,,0.08735435,-0.023436533,0.1022685,,,,
7389,,,,0.08096257,-0.036220096,0.094811425,,,,
7393,-0.02873042,0.2681506,9.279925,,,,,,,
7393,,,,0.07670138,-0.045807768,0.088419646,,,,
7398,,,,0.06604841,-0.050068956,0.07670138,,,,
7403,-0.019153614,0.25857377,9.299079,,,,,,,
7403,,,,0.05539544,-0.05219955,0.067113705,,,,
7409,,,,0.04261188,-0.04900366,0.058591332,,,,
7409,,,,,,,33.4375,-46.9375,-42.0625,
7413,0.038307227,0.23942018,9.299079,,,,,,,
7413,,,,0.02769772,-0.04793836,0.04793836,,,,
7418,,,,0.014914157,-0.039415985,0.04900366,,,,
7423,-0.019153614,0.22984336,9.356541,,,,,,,
7423,,,,0.005326485,-0.039415985,0.04154658,,,,
7428,,,,-0.001065297,-0.03835069,0.036220096,,,,
7429,,,,,,,33.1875,-47.1875,-42,
7432,-0.019153614,0.22984336,9.3661175,,,,,,,
7433,,,,-0.004261188,-0.03835069,0.029828314,,,,
7438,,,,-0.006391781,-0.040481284,0.026632423,,,,
7443,0.009576807,0.18195933,9.528923,,,,,,,
7443,,,,0,-0.044742472,0.02450183,,,,
7448,,,,0.005326485,-0.045807768,0.025567126,,,,
7449,,,,,,,33.25,-47.1875,-41.9375,
7453,0.019153614,0.1436521,9.595961,,,,,,,
7453,,,,0.01384886,-0.04154658,0.025567126,,,,
7458,,,,0.019175345,-0.04154658,0.025567126,,,,
7463,-0.019153614,0.15322891,9.682152,,,,,,,
7463,,,,0.022371236,-0.040481284,0.02769772,,,,
7469,,,,,,,33.3125,-47.0625,-41.875,
7470,,,,0.02130594,-0.031958908,0.028763017,,,,
7473,-0.02873042,0.11492168,9.662998,,,,,,,
7474,,,,0.020240642,-0.031958908,0.028763017,,,,
7478,,,,0.018110048,-0.02769772,0.031958908,,,,
7483,0.038307227,0.08619126,9.615114,,,,,,,
7484,,,,0.018110048,-0.018110048,0.03728539,,,,
7489,,,,,,,33.375,-47.25,-41.8125,
7490,,,,0.02130594,-0.017044751,0.039415985,,,,
7493,0.019153614,0.1436521,9.586384,,,,,,,
7494,,,,0.023436533,-0.026632423,0.040481284,,,,
7498,,,,0.028763017,-0.029828314,0.043677174,,,,
7503,0.038307227,0.2873042,9.528923,,,,,,,
7503,,,,0.031958908,-0.039415985,0.04154658,,,,
7508,,,,0.03835069,-0.050068956,0.040481284,,,,
7509,,,,,,,33.3125,-47.25,-41.875,
7513,0.076614454,0.30645782,9.5385,,,,,,,
7513,,,,0.040481284,-0.059656627,0.036220096,,,,
7519,,,,0.045807768,-0.07457078,0.031958908,,,,
7523,0.10534488,0.39264908,9.56723,,,,,,,
7523,,,,0.04793836,-0.088419646,0.02450183,,,,
7528,,,,0.046873067,-0.094811425,0.017044751,,,,
7529,,,,,,,33.0625,-47.4375,-41.625,
7533,0.095768064,0.39264908,9.634268,,,,,,,
7533,,,,0.046873067,-0.09907261,0.007457078,,,,
7538,,,,0.04261188,-0.09374613,0.001065297,,,,
7543,0.095768064,0.35434186,9.682152,,,,,,,
7543,,,,0.039415985,-0.08309316,-0.011718267,,,,
7548,,,,0.029828314,-0.067113705,-0.015979454,,,,
7549,,,,,,,32.9375,-47.5,-41.5625,
7553,0.05746084,0.31603462,9.653421,,,,,,,
7553,,,,0.020240642,-0.043677174,-0.02769772,,,,
7558,,,,0.012783563,-0.020240642,-0.031958908,,,,
7563,0.02873042,0.2681506,9.653421,,,,,,,
7563,,,,0.001065297,0.007457078,-0.029828314,,,,
7568,,,,-0.009587673,0.029828314,-0.031958908,,,,
7569,,,,,,,32.75,-47.375,-41.5625,
7573,-0.06703765,0.23942018,9.605537,,,,,,,
7573,,,,-0.02130594,0.04793836,-0.02769772,,,,
7578,,,,-0.02769772,0.05646074,-0.02450183,,,,
7583,-0.11492168,0.21068975,9.500193,,,,,,,
7583,,,,-0.022371236,0.05113425,-0.02450183,,,,
7588,,,,-0.009587673,0.044742472,-0.017044751,,,,
7589,,,,,,,32.9375,-47.125,-41.625,
7593,-0.18195933,0.18195933,9.452309,,,,,,,
7594,,,,0.004261188,0.023436533,-0.014914157,,,,
7598,,,,0.018110048,0.009587673,-0.01384886,,,,
7603,-0.20111294,0.21068975,9.414001,,,,,,,
7603,,,,0.02769772,-0.006391781,-0.01065297,,,,
7608,,,,0.036220096,-0.023436533,-0.01065297,,,,
7609,,,,,,,32.8125,-47.125,-41.625,
7613,-0.16280572,0.18195933,9.356541,,,,,,,
7613,,,,0.03835069,-0.03728539,-0.006391781,,,,
7618,,,,0.035154797,-0.04261188,-0.009587673,,,,
7623,-0.19153613,0.21068975,9.346964,,,,,,,
7623,,,,0.02769772,-0.046873067,-0.012783563,,,,
7628,,,,0.018110048,-0.046873067,-0.019175345,,,,
7629,,,,,,,32.875,-47.125,-41.5,
7633,-0.20111294,0.15322891,9.3661175,,,,,,,
7633,,,,0.007457078,-0.043677174,-0.02130594,,,,
7638,,,,-0.005326485,-0.034089502,-0.026632423,,,,
7643,-0.22984336,0.009576807,9.490616,,,,,,,
7643,,,,-0.011718267,-0.02769772,-0.028763017,,,,
7649,,,,-0.015979454,-0.02130594,-0.025567126,,,,
7649,,,,,,,32.8125,-47.0625,-41.3125,
7653,-0.30645782,-0.02873042,9.471462,,,,,,,
7653,,,,-0.014914157,-0.017044751,-0.023436533,,,,
7658,,,,-0.014914157,-0.020240642,-0.014914157,,,,
7663,-0.38307226,-0.08619126,9.490616,,,,,,,
7663,,,,-0.011718267,-0.019175345,-0.007457078,,,,
7669,,,,-0.009587673,-0.019175345,0.003195891,,,,
7671,,,,,,,32.75,-47.375,-41.25,
7673,-0.30645782,-0.10534488,9.433155,,,,,,,
7673,,,,-0.004261188,-0.020240642,0.01384886,,,,
7678,,,,0.001065297,-0.023436533,0.03089361,,,,
7684,-0.2873042,-0.05746084,9.423578,,,,,,,
7688,,,,0.006391781,-0.019175345,0.044742472,,,,
7690,,,,0.005326485,-0.020240642,0.05539544,,,,
7693,-0.22984336,0.009576807,9.452309,,,,,,,
7694,,,,0.004261188,-0.018110048,0.06604841,,,,
7698,,,,0.001065297,-0.019175345,0.07137489,,,,
7703,-0.17238252,0.18195933,9.414001,,,,,,,
7704,,,,-0.001065297,-0.018110048,0.07457078,,,,
7708,,,,-0.007457078,-0.018110048,0.070309594,,,,
7709,,,,,,,33.125,-47.125,-41.25,
7713,-0.076614454,0.18195933,9.394848,,,,,,,
7713,,,,-0.01065297,-0.02130594,0.07137489,,,,
7718,,,,-0.017044751,-0.020240642,0.06604841,,,,
7723,-0.06703765,0.2777274,9.356541,,,,,,,
7723,,,,-0.02130594,-0.023436533,0.060721926,,,,
7728,,,,-0.028763017,-0.029828314,0.053264845,,,,
7729,,,,,,,33,-47.3125,-41.375,
7733,-0.047884032,0.30645782,9.346964,,,,,,,
7733,,,,-0.036220096,-0.03728539,0.04900366,,,,
7738,,,,-0.03835069,-0.045807768,0.044742472,,,,
7743,0.009576807,0.38307226,9.433155,,,,,,,
7743,,,,-0.040481284,-0.05219955,0.04261188,,,,
7748,,,,-0.036220096,-0.053264845,0.035154797,,,,
7750,,,,,,,33.125,-47.625,-41.25,
7753,0.038307227,0.32561144,9.576807,,,,,,,
7754,,,,-0.03089361,-0.045807768,0.029828314,,,,
7758,,,,-0.025567126,-0.04154658,0.026632423,,,,
7763,0.05746084,0.32561144,9.595961,,,,,,,
7763,,,,-0.022371236,-0.03089361,0.023436533,,,,
7768,,,,-0.019175345,-0.018110048,0.02769772,,,,
7771,,,,,,,33.3125,-47.6875,-41.125,
7773,0.05746084,0.32561144,9.624691,,,,,,,
7774,,,,-0.014914157,-0.008522376,0.028763017,,,,
7778,,,,-0.01065297,-0.002130594,0.03089361,,,,
7783,0.02873042,0.33518824,9.5385,,,,,,,
7783,,,,-0.01065297,0.006391781,0.031958908,,,,
7789,,,,-0.014914157,0.009587673,0.029828314,,,,
7790,,,,,,,33.25,-47.875,-41.3125,
7793,0.038307227,0.36391866,9.490616,,,,,,,
7794,,,,-0.022371236,0.006391781,0.026632423,,,,
7798,,,,-0.025567126,0.004261188,0.020240642,,,,
7803,0.019153614,0.36391866,9.519346,,,,,,,
7804,,,,-0.028763017,0.001065297,0.015979454,,,,
7809,,,,-0.029828314,-0.005326485,0.01065297,,,,
7810,,,,,,,33.1875,-47.875,-41.5625,
7813,0.009576807,0.30645782,9.509769,,,,,,,
7813,,,,-0.03089361,-0.007457078,0.007457078,,,,
7818,,,,-0.03089361,-0.01384886,0.003195891,,,,
7823,-0.038307227,0.32561144,9.548077,,,,,,,
7824,,,,-0.034089502,-0.018110048,-0.002130594,,,,
7829,,,,-0.03728539,-0.022371236,-0.001065297,,,,
7830,,,,,,,33.375,-47.625,-41.625,
7833,-0.095768064,0.25857377,9.5385,,,,,,,
7833,,,,-0.03835069,-0.02450183,-0.005326485,,,,
7838,,,,-0.04261188,-0.02450183,-0.005326485,,,,
7843,-0.076614454,0.21068975,9.548077,,,,,,,
7843,,,,-0.045807768,-0.026632423,-0.002130594,,,,
7848,,,,-0.046873067,-0.02130594,-0.008522376,,,,
7849,,,,,,,33.1875,-47.75,-41.8125,
7853,-0.1436521,0.11492168,9.519346,,,,,,,
7854,,,,-0.044742472,-0.012783563,-0.009587673,,,,
7858,,,,-0.04261188,-0.011718267,-0.004261188,,,,
7863,-0.18195933,0.12449849,9.56723,,,,,,,
7863,,,,-0.040481284,-0.009587673,-0.007457078,,,,
7868,,,,-0.033024207,-0.012783563,0,,,,
7869,,,,,,,33.1875,-47.875,-41.8125,
7873,-0.23942018,0.038307227,9.615114,,,,,,,
7874,,,,-0.028763017,-0.01065297,0.008522376,,,,
7878,,,,-0.017044751,-0.015979454,0.02130594,,,,
7883,-0.23942018,0.05746084,9.586384,,,,,,,
7883,,,,-0.008522376,-0.019175345,0.028763017,,,,
7888,,,,-0.003195891,-0.022371236,0.04154658,,,,
7889,,,,,,,33.125,-47.6875,-41.4375,
7893,-0.21068975,0.047884032,9.509769,,,,,,,
7893,,,,0.002130594,-0.020240642,0.04793836,,,,
7898,,,,0.004261188,-0.02130594,0.054330144,,,,
7903,-0.23942018,0.11492168,9.404425,,,,,,,
7903,,,,0,-0.020240642,0.058591332,,,,
7908,,,,-0.006391781,-0.02450183,0.058591332,,,,
7910,,,,,,,33,-47.4375,-41.5,
7913,-0.21068975,0.17238252,9.414001,,,,,,,
7913,,,,-0.015979454,-0.02769772,0.05646074,,,,
7918,,,,-0.023436533,-0.031958908,0.053264845,,,,
7923,-0.22026655,0.18195933,9.414001,,,,,,,
7923,,,,-0.02769772,-0.034089502,0.05113425,,,,
7928,,,,-0.031958908,-0.039415985,0.05113425,,,,
7929,,,,,,,32.8125,-47.375,-41.5625,
7933,-0.18195933,0.12449849,9.433155,,,,,,,
7933,,,,-0.029828314,-0.04154658,0.050068956,,,,
7938,,,,-0.02450183,-0.04261188,0.05219955,,,,
7943,-0.21068975,0.1340753,9.3661175,,,,,,,
7944,,,,-0.018110048,-0.05113425,0.053264845,,,,
7948,,,,-0.01065297,-0.053264845,0.05539544,,,,
7949,,,,,,,32.875,-47.3125,-41.625,
7953,-0.17238252,0.18195933,9.414001,,,,,,,
7953,,,,-0.01065297,-0.05219955,0.057526033,,,,
7958,,,,-0.012783563,-0.05646074,0.057526033,,,,
7963,-0.15322891,0.12449849,9.471462,,,,,,,
7963,,,,-0.018110048,-0.05539544,0.05539544,,,,
7968,,,,-0.023436533,-0.053264845,0.05539544,,,,
7969,,,,,,,32.8125,-47.1875,-41.5625,
7973,-0.11492168,0.1436521,9.481039,,,,,,,
7973,,,,-0.02769772,-0.046873067,0.05219955,,,,
7978,,,,-0.034089502,-0.040481284,0.04900366,,,,
7983,-0.10534488,0.1436521,9.500193,,,,,,,
7983,,,,-0.043677174,-0.035154797,0.04900366,,,,
7988,,,,-0.04900366,-0.029828314,0.043677174,,,,
7989,,,,,,,32.6875,-47.125,-41.375,
7993,-0.08619126,0.076614454,9.548077,,,,,,,
7994,,,,-0.05113425,-0.03089361,0.043677174,,,,
7998,,,,-0.046873067,-0.02769772,0.043677174,,,,
8003,-0.11492168,0.06703765,9.557653,,,,,,,
8003,,,,-0.04154658,-0.029828314,0.044742472,,,,
8008,,,,-0.034089502,-0.026632423,0.050068956,,,,
8009,,,,,,,32.75,-47.1875,-41.375,
8013,-0.08619126,0.08619126,9.615114,,,,,,,
8013,,,,-0.02769772,-0.029828314,0.05539544,,,,
8018,,,,-0.022371236,-0.031958908,0.057526033,,,,
8023,-0.11492168,0.11492168,9.5385,,,,,,,
8023,,,,-0.017044751,-0.031958908,0.060721926,,,,
8028,,,,-0.015979454,-0.034089502,0.063917816,,,,
8029,,,,,,,32.8125,-47.1875,-41.4375,
8033,-0.08619126,0.18195933,9.5385,,,,,,,
8033,,,,-0.015979454,-0.033024207,0.064983115,,,,
8038,,,,-0.019175345,-0.035154797,0.063917816,,,,
8043,-0.02873042,0.22026655,9.605537,,,,,,,
8044,,,,-0.02130594,-0.033024207,0.06178722,,,,
8048,,,,-0.022371236,-0.033024207,0.057526033,,,,
8049,,,,,,,32.875,-47.4375,-41.6875,
8053,-0.009576807,0.23942018,9.682152,,,,,,,
8053,,,,-0.019175345,-0.02769772,0.054330144,,,,
8058,,,,-0.01384886,-0.025567126,0.05113425,,,,
8063,-0.009576807,0.2681506,9.682152,,,,,,,
8063,,,,-0.009587673,-0.020240642,0.05113425,,,,
8071,,,,-0.005326485,-0.01384886,0.04793836,,,,
8073,,,,,,,32.75,-47.5625,-41.5,
8073,-0.009576807,0.21068975,9.624691,,,,,,,
8074,,,,-0.004261188,-0.004261188,0.05219955,,,,
8078,,,,-0.003195891,-0.001065297,0.05113425,,,,
8083,-0.009576807,0.2681506,9.624691,,,,,,,
8084,,,,-0.006391781,-0.001065297,0.050068956,,,,
8089,,,,,,,32.8125,-47.625,-41.5625,
8090,,,,-0.008522376,-0.003195891,0.045807768,,,,
8093,-0.02873042,0.2873042,9.605537,,,,,,,
8094,,,,-0.008522376,-0.007457078,0.043677174,,,,
8098,,,,-0.007457078,-0.009587673,0.04261188,,,,
8103,-0.02873042,0.24899697,9.586384,,,,,,,
8103,,,,-0.006391781,-0.017044751,0.036220096,,,,
8108,,,,0.001065297,-0.02450183,0.036220096,,,,
8110,,,,,,,32.6875,-47.5,-41.3125,
8113,-0.076614454,0.21068975,9.624691,,,,,,,
8113,,,,0.007457078,-0.029828314,0.033024207,,,,
8118,,,,0.012783563,-0.034089502,0.035154797,,,,
8123,-0.095768064,0.22984336,9.672575,,,,,,,
8123,,,,0.018110048,-0.03728539,0.035154797,,,,
8129,,,,0.020240642,-0.036220096,0.036220096,,,,
8130,,,,,,,32.8125,-47.625,-41.3125,
8133,-0.05746084,0.22026655,9.710882,,,,,,,
8133,,,,0.02450183,-0.034089502,0.039415985,,,,
8138,,,,0.025567126,-0.036220096,0.04154658,,,,
8143,-0.047884032,0.21068975,9.643845,,,,,,,
8143,,,,0.025567126,-0.033024207,0.04154658,,,,
8148,,,,0.031958908,-0.02450183,0.044742472,,,,
8149,,,,,,,32.75,-47.6875,-41.375,
8153,-0.02873042,0.23942018,9.576807,,,,,,,
8153,,,,0.036220096,-0.020240642,0.039415985,,,,
8158,,,,0.034089502,-0.01384886,0.034089502,,,,
8163,0.009576807,0.20111294,9.5385,,,,,,,
8163,,,,0.029828314,-0.006391781,0.02769772,,,,
8169,,,,0.025567126,-0.001065297,0.022371236,,,,
8169,,,,,,,32.8125,-47.5625,-41.5,
8174,-0.02873042,0.21068975,9.452309,,,,,,,
8175,,,,0.017044751,0.004261188,0.017044751,,,,
8178,,,,0.01065297,0.008522376,0.01384886,,,,
8183,-0.08619126,0.15322891,9.375694,,,,,,,
8184,,,,0.006391781,0.006391781,0.01065297,,,,
8188,,,,0.005326485,-0.003195891,0.01384886,,,,
8189,,,,,,,32.5625,-47.75,-41.375,
8193,-0.076614454,0.12449849,9.394848,,,,,,,
8194,,,,0.008522376,-0.01065297,0.017044751,,,,
8198,,,,0.01384886,-0.022371236,0.02130594,,,,
8203,-0.076614454,0.1436521,9.3661175,,,,,,,
8203,,,,0.019175345,-0.028763017,0.023436533,,,,
8209,,,,,,,32.4375,-47.6875,-41.1875,
8209,,,,0.026632423,-0.036220096,0.02450183,,,,
8213,-0.05746084,0.18195933,9.375694,,,,,,,
8213,,,,0.028763017,-0.03835069,0.022371236,,,,
8218,,,,0.026632423,-0.03835069,0.015979454,,,,
8223,-0.076614454,0.18195933,9.442732,,,,,,,
8223,,,,0.018110048,-0.035154797,0.012783563,,,,
8229,,,,0.007457078,-0.033024207,0.004261188,,,,
8230,,,,,,,32.4375,-47.5625,-41.3125,
8233,-0.06703765,0.11492168,9.528923,,,,,,,
8233,,,,-0.004261188,-0.02769772,-0.002130594,,,,
8238,,,,-0.01384886,-0.02130594,-0.004261188,,,,
8243,-0.12449849,0.05746084,9.509769,,,,,,,
8243,,,,-0.017044751,-0.019175345,-0.007457078,,,,
8248,,,,-0.014914157,-0.023436533,-0.006391781,,,,
8249,,,,,,,32.4375,-47.6875,-41.3125,
8253,-0.10534488,0,9.548077,,,,,,,
8253,,,,-0.009587673,-0.02450183,0,,,,
8258,,,,-0.005326485,-0.023436533,0.001065297,,,,
8263,-0.10534488,-0.019153614,9.5385,,,,,,,
8264,,,,0.001065297,-0.019175345,0.007457078,,,,
8268,,,,0.006391781,-0.018110048,0.01065297,,,,
8269,,,,,,,32.5,-47.875,-41.5,
8273,-0.095768064,0.009576807,9.576807,,,,,,,
8274,,,,0.009587673,-0.015979454,0.011718267,,,,
8278,,,,0.011718267,-0.015979454,0.020240642,,,,
8283,-0.02873042,0.047884032,9.548077,,,,,,,
8283,,,,0.01384886,-0.018110048,0.025567126,,,,
8288,,,,0.01384886,-0.022371236,0.026632423,,,,
8289,,,,,,,32.5625,-47.8125,-41.375,
8293,0.047884032,0.16280572,9.5385,,,,,,,
8293,,,,0.014914157,-0.025567126,0.02769772,,,,
8298,,,,0.017044751,-0.035154797,0.026632423,,,,
8303,0.10534488,0.24899697,9.490616,,,,,,,
8303,,,,0.018110048,-0.03728539,0.02130594,,,,
8309,,,,0.019175345,-0.035154797,0.01384886,,,,
8310,,,,,,,32.625,-48,-41.4375,
8313,0.12449849,0.32561144,9.452309,,,,,,,
8313,,,,0.020240642,-0.03835069,0.006391781,,,,
8318,,,,0.01384886,-0.03835069,-0.002130594,,,,
8323,0.10534488,0.35434186,9.481039,,,,,,,
8323,,,,0.01384886,-0.03728539,-0.01065297,,,,
8328,,,,0.009587673,-0.03835069,-0.015979454,,,,
8329,,,,,,,32.625,-48.0625,-41.3125,
8333,0.05746084,0.2873042,9.528923,,,,,,,
8334,,,,0.002130594,-0.036220096,-0.023436533,,,,
8338,,,,-0.001065297,-0.034089502,-0.02769772,,,,
8343,0.12449849,0.22984336,9.500193,,,,,,,
8343,,,,-0.002130594,-0.033024207,-0.033024207,,,,
8348,,,,-0.002130594,-0.02450183,-0.031958908,,,,
8349,,,,,,,32.6875,-47.9375,-41.4375,
8353,0.009576807,0.33518824,9.576807,,,,,,,
8354,,,,0.004261188,-0.035154797,-0.028763017,,,,
8358,,,,0.01065297,-0.04793836,-0.031958908,,,,
8363,-0.047884032,0.33518824,9.624691,,,,,,,
8364,,,,0.01384886,-0.04154658,-0.035154797,,,,
8369,,,,,,,32.75,-47.875,-41.6875,
8370,,,,0.007457078,-0.029828314,-0.039415985,,,,
8373,0.019153614,0.24899697,9.548077,,,,,,,
8373,,,,0.003195891,-0.007457078,-0.039415985,,,,
8378,,,,-0.002130594,-0.005326485,-0.036220096,,,,
8383,-0.02873042,0.30645782,9.615114,,,,,,,
8383,,,,-0.005326485,0,-0.03089361,,,,
8388,,,,-0.007457078,0,-0.031958908,,,,
8389,,,,,,,32.8125,-48.125,-41.625,
8393,-0.038307227,0.33518824,9.56723,,,,,,,
8394,,,,0,-0.01384886,-0.039415985,,,,
8398,,,,0.007457078,-0.009587673,-0.044742472,,,,
8403,-0.06703765,0.35434186,9.56723,,,,,,,
8403,,,,0.012783563,-0.007457078,-0.04154658,,,,
8409,,,,0.009587673,-0.011718267,-0.039415985,,,,
8410,,,,,,,32.8125,-48.125,-41.6875,
8413,-0.095768064,0.21068975,9.576807,,,,,,,
8414,,,,0.012783563,-0.018110048,-0.036220096,,,,
8418,,,,0.01384886,-0.026632423,-0.040481284,,,,
8423,-0.1340753,0.17238252,9.509769,,,,,,,
8423,,,,0.015979454,-0.023436533,-0.04261188,,,,
8428,,,,0.018110048,-0.015979454,-0.040481284,,,,
8429,,,,,,,32.8125,-48.125,-41.5625,
8433,-0.12449849,0.21068975,9.605537,,,,,,,
8433,,,,0.018110048,-0.009587673,-0.03728539,,,,
8438,,,,0.015979454,-0.009587673,-0.03089361,,,,
8443,-0.18195933,0.1340753,9.586384,,,,,,,
8443,,,,0.017044751,-0.01065297,-0.023436533,,,,
8448,,,,0.022371236,-0.01065297,-0.018110048,,,,
8449,,,,,,,33,-48.125,-41.8125,
8453,-0.12449849,0.095768064,9.461885,,,,,,,
8453,,,,0.028763017,-0.014914157,-0.017044751,,,,
8458,,,,0.031958908,-0.017044751,-0.012783563,,,,
8463,-0.16280572,0.10534488,9.404425,,,,,,,
8463,,,,0.035154797,-0.025567126,-0.012783563,,,,
8468,,,,0.036220096,-0.028763017,-0.011718267,,,,
8469,,,,,,,32.9375,-48.0625,-41.6875,
8473,-0.16280572,0.16280572,9.414001,,,,,,,
8473,,,,0.031958908,-0.035154797,-0.012783563,,,,
8478,,,,0.02130594,-0.036220096,-0.012783563,,,,
8483,-0.08619126,0.19153613,9.423578,,,,,,,
8483,,,,0.011718267,-0.04154658,-0.01384886,,,,
8488,,,,0.002130594,-0.03835069,-0.014914157,,,,
8489,,,,,,,32.75,-48.3125,-41.5625,
8493,-0.038307227,0.18195933,9.442732,,,,,,,
8493,,,,-0.008522376,-0.033024207,-0.017044751,,,,
8498,,,,-0.015979454,-0.028763017,-0.018110048,,,,
8503,-0.076614454,0.18195933,9.500193,,,,,,,
8503,,,,-0.018110048,-0.023436533,-0.022371236,,,,
8509,,,,,,,32.8125,-48.25,-41.5,
8509,,,,-0.017044751,-0.019175345,-0.023436533,,,,
8513,-0.019153614,0.095768064,9.56723,,,,,,,
8514,,,,-0.01384886,-0.018110048,-0.019175345,,,,
8518,,,,-0.009587673,-0.01384886,-0.019175345,,,,
8523,-0.019153614,0.11492168,9.490616,,,,,,,
8523,,,,-0.007457078,-0.005326485,-0.015979454,,,,
8528,,,,-0.003195891,-0.002130594,-0.009587673,,,,
8529,,,,,,,32.875,-48.25,-41.5625,
8533,-0.095768064,0.17238252,9.452309,,,,,,,
8533,,,,-0.006391781,0.002130594,-0.005326485,,,,
8538,,,,-0.004261188,0,-0.006391781,,,,
8543,-0.095768064,0.21068975,9.423578,,,,,,,
8544,,,,-0.007457078,-0.011718267,-0.008522376,,,,
8548,,,,-0.009587673,-0.017044751,-0.007457078,,,,
8549,,,,,,,32.6875,-48.1875,-41.5625,
8553,-0.10534488,0.19153613,9.414001,,,,,,,
8553,,,,-0.008522376,-0.02130594,-0.005326485,,,,
8558,,,,-0.009587673,-0.023436533,-0.003195891,,,,
8563,-0.1340753,0.22984336,9.481039,,,,,,,
8563,,,,-0.006391781,-0.022371236,-0.001065297,,,,
8568,,,,0,-0.025567126,0.006391781,,,,
8569,,,,,,,32.625,-48.125,-41.5,
8573,-0.12449849,0.30645782,9.5385,,,,,,,
8573,,,,0.003195891,-0.02450183,0.005326485,,,,
8578,,,,0.001065297,-0.023436533,0.006391781,,,,
8583,-0.10534488,0.2873042,9.481039,,,,,,,
8583,,,,0,-0.02450183,0.008522376,,,,
8589,,,,-0.006391781,-0.025567126,0.007457078,,,,
8589,,,,,,,32.6875,-48,-41.5,
8593,-0.095768064,0.29688102,9.509769,,,,,,,
8593,,,,-0.008522376,-0.02769772,0.008522376,,,,
8598,,,,-0.015979454,-0.03089361,0.007457078,,,,
8603,-0.076614454,0.32561144,9.595961,,,,,,,
8603,,,,-0.014914157,-0.034089502,0.003195891,,,,
8608,,,,-0.015979454,-0.036220096,0.004261188,,,,
8609,,,,,,,32.5625,-47.9375,-41.3125,
8613,-0.038307227,0.29688102,9.557653,,,,,,,
8613,,,,-0.018110048,-0.035154797,-0.003195891,,,,
8618,,,,-0.018110048,-0.03089361,-0.009587673,,,,
8623,0.019153614,0.25857377,9.471462,,,,,,,
8623,,,,-0.019175345,-0.031958908,-0.008522376,,,,
8629,,,,-0.02130594,-0.025567126,-0.008522376,,,,
8630,,,,,,,32.6875,-47.9375,-41.375,
8633,-0.047884032,0.22026655,9.662998,,,,,,,
8633,,,,-0.02130594,-0.020240642,-0.011718267,,,,
8638,,,,-0.019175345,-0.014914157,-0.011718267,,,,
8643,-0.08619126,0.21068975,9.624691,,,,,,,
8644,,,,-0.019175345,-0.011718267,-0.01065297,,,,
8649,,,,-0.01384886,-0.011718267,-0.008522376,,,,
8649,,,,,,,32.75,-47.625,-41.625,
8653,-0.10534488,0.18195933,9.528923,,,,,,,
8653,,,,-0.008522376,-0.006391781,-0.004261188,,,,
8658,,,,-0.007457078,0,0,,,,
8663,-0.11492168,0.17238252,9.595961,,,,,,,
8663,,,,-0.004261188,0.002130594,0.006391781,,,,
8669,,,,-0.005326485,-0.001065297,0.008522376,,,,
8670,,,,,,,32.8125,-47.5625,-41.5,
8673,-0.11492168,0.22026655,9.56723,,,,,,,
8674,,,,-0.005326485,0.001065297,0.008522376,,,,
8678,,,,-0.005326485,-0.001065297,0.008522376,,,,
8684,-0.08619126,0.16280572,9.509769,,,,,,,
8685,,,,-0.004261188,-0.001065297,0.006391781,,,,
8688,,,,-0.001065297,-0.002130594,0.003195891,,,,
8689,,,,,,,32.8125,-47.6875,-41.4375,
8694,-0.12449849,0.17238252,9.471462,,,,,,,
8695,,,,0.005326485,-0.004261188,0.005326485,,,,
8698,,,,0.008522376,-0.008522376,0.008522376,,,,
8703,-0.20111294,0.16280572,9.490616,,,,,,,
8704,,,,0.01384886,-0.017044751,0.009587673,,,,
8708,,,,0.012783563,-0.023436533,0.015979454,,,,
8709,,,,,,,32.9375,-47.5,-41.4375,
8713,-0.22984336,0.16280572,9.548077,,,,,,,
8714,,,,0.017044751,-0.029828314,0.020240642,,,,
8718,,,,0.02130594,-0.031958908,0.02450183,,,,
8723,-0.19153613,0.08619126,9.624691,,,,,,,
8724,,,,0.025567126,-0.036220096,0.02769772,,,,
8729,,,,0.031958908,-0.033024207,0.035154797,,,,
8730,,,,,,,33.125,-47.4375,-41.1875,
8733,-0.1436521,0.1436521,9.548077,,,,,,,
8734,,,,0.035154797,-0.028763017,0.04154658,,,,
8738,,,,0.036220096,-0.025567126,0.043677174,,,,
8743,-0.038307227,0.16280572,9.548077,,,,,,,
8744,,,,0.031958908,-0.019175345,0.04793836,,,,
8749,,,,0.03089361,-0.02130594,0.045807768,,,,
8750,,,,,,,33.0625,-47.5,-41.25,
8753,-0.06703765,0.21068975,9.624691,,,,,,,
8753,,,,0.02769772,-0.023436533,0.043677174,,,,
8758,,,,0.026632423,-0.026632423,0.040481284,,,,
8763,-0.019153614,0.20111294,9.519346,,,,,,,
8764,,,,0.026632423,-0.02769772,0.040481284,,,,
8768,,,,0.026632423,-0.025567126,0.03835069,,,,
8769,,,,,,,33.1875,-47.5625,-41.125,
8773,-0.047884032,0.25857377,9.586384,,,,,,,
8774,,,,0.026632423,-0.02769772,0.036220096,,,,
8778,,,,0.028763017,-0.03089361,0.034089502,,,,
8783,-0.05746084,0.25857377,9.557653,,,,,,,
8784,,,,0.028763017,-0.03089361,0.034089502,,,,
8788,,,,0.034089502,-0.031958908,0.03835069,,,,
8789,,,,,,,33.125,-47.5,-41,
8793,-0.05746084,0.24899697,9.519346,,,,,,,
8794,,,,0.040481284,-0.034089502,0.03728539,,,,
8798,,,,0.044742472,-0.033024207,0.03835069,,,,
8803,-0.095768064,0.30645782,9.481039,,,,,,,
8804,,,,0.04793836,-0.03835069,0.03835069,,,,
8808,,,,0.04900366,-0.04261188,0.03728539,,,,
8810,,,,,,,33.1875,-47.5625,-41,
8813,-0.05746084,0.29688102,9.509769,,,,,,,
8814,,,,0.046873067,-0.03835069,0.035154797,,,,
8818,,,,0.04154658,-0.036220096,0.03089361,,,,
8823,-0.02873042,0.29688102,9.5385,,,,,,,
8824,,,,0.03835069,-0.031958908,0.026632423,,,,
8830,,,,,,,33.125,-47.5625,-41.1875,
8831,,,,0.03835069,-0.025567126,0.02130594,,,,
8833,-0.06703765,0.2777274,9.461885,,,,,,,
8833,,,,0.036220096,-0.01384886,0.019175345,,,,
8838,,,,0.026632423,-0.009587673,0.018110048,,,,
8844,-0.08619126,0.24899697,9.500193,,,,,,,
8844,,,,0.014914157,-0.003195891,0.020240642,,,,
8848,,,,0.009587673,0.001065297,0.02130594,,,,
8849,,,,,,,33.125,-47.4375,-41.25,
8853,-0.08619126,0.21068975,9.509769,,,,,,,
8854,,,,0.006391781,0.004261188,0.02130594,,,,
8858,,,,0.005326485,0.004261188,0.023436533,,,,
8863,-0.05746084,0.24899697,9.442732,,,,,,,
8864,,,,0.006391781,0,0.026632423,,,,
8868,,,,0.009587673,-0.002130594,0.025567126,,,,
8869,,,,,,,33.125,-47.5,-41.1875,
8873,0.29688102,0.40222588,7.776367,,,,,,,
8873,,,,-0.044742472,-0.031958908,0.022371236,,,,
8878,,,,-0.18429637,-0.03835069,-0.01065297,,,,
8883,0.22984336,0.31603462,9.097966,,,,,,,
8883,,,,-0.24501829,-0.03089361,-0.033024207,,,,
8888,,,,-0.23436533,-0.03728539,-0.05539544,,,,
8889,,,,,,,33.0625,-47.5,-41.4375,
8894,0.2777274,0.2873042,8.839393,,,,,,,
8894,,,,-0.2119941,-0.035154797,-0.067113705,,,,
8898,,,,-0.18642697,-0.03089361,-0.06285252,,,,
8903,0.038307227,0.15322891,9.346964,,,,,,,
8903,,,,-0.14914156,-0.054330144,-0.05539544,,,,
8910,,,,,,,33.0625,-47.3125,-41.4375,
8910,,,,-0.113986775,-0.08202787,-0.04900366,,,,
8913,-0.1340753,0.06703765,9.528923,,,,,,,
8914,,,,-0.08309316,-0.10120321,-0.039415985,,,,
8918,,,,-0.057526033,-0.10652969,-0.02450183,,,,
8923,-0.076614454,-0.05746084,9.9790325,,,,,,,
8923,,,,-0.031958908,-0.1054644,-0.009587673,,,,
8928,,,,-0.01065297,-0.088419646,0.014914157,,,,
8929,,,,,,,32.9375,-47.4375,-41.5625,
8933,-0.24899697,-0.10534488,10.199299,,,,,,,
8933,,,,0.007457078,-0.08202787,0.033024207,,,,
8938,,,,0.034089502,-0.04793836,0.05646074,,,,
8944,-0.22026655,-0.1436521,10.323798,,,,,,,
8944,,,,0.07137489,-0.03089361,0.059656627,,,,
8948,,,,0.1054644,-0.01065297,0.063917816,,,,
8949,,,,,,,33,-47.4375,-41.5625,
8953,-0.34476504,0.15322891,10.180145,,,,,,,
8953,,,,0.11505207,0.003195891,0.07670138,,,,
8958,,,,0.09800732,0.01065297,0.088419646,,,,
8963,-0.21068975,0.19153613,9.940725,,,,,,,
8963,,,,0.07137489,0.01065297,0.089484945,,,,
8969,,,,0.044742472,0.012783563,0.08522376,,,,
8969,,,,,,,32.9375,-47.5,-41.6875,
8973,-0.15322891,0.24899697,9.682152,,,,,,,
8973,,,,0.026632423,0.020240642,0.07776668,,,,