0,,,,,,,,,,13
1012,,,,0,0,0,,,,
1018,0.02873042,0.79487497,9.394848,,,,,,,
1018,,,,0,0,0,,,,
1019,,,,,,,27.125,-11.4375,-39.125,
1022,,,,0,0,0,,,,
1027,0.2681506,1.0055647,9.030929,,,,,,,
1027,,,,0,0,0,,,,
1032,,,,0,0,0,,,,
1037,0.06703765,0.82360536,8.944737,,,,,,,
1038,,,,,,,29.25,-29.4375,-40.5,
1038,,,,0,0,0,,,,
1042,,,,-0.001065297,-0.001065297,0.001065297,,,,
1047,0.1340753,0.5650316,8.858546,,,,,,,
1047,,,,-0.26632422,-0.012783563,0.045807768,,,,
1052,,,,-0.23010413,0.116117366,-0.03728539,,,,
1057,0.019153614,0.5267244,8.686164,,,,,,,
1058,,,,-0.23756121,0.08522376,-0.059656627,,,,
1059,,,,,,,31.0625,-47.8125,-42.0625,
1062,,,,-0.25247538,0.050068956,-0.07563608,,,,
1067,-0.08619126,0.45010993,8.686164,,,,,,,
1067,,,,-0.2801731,-0.003195891,-0.08628905,,,,
1072,,,,-0.3100014,-0.057526033,-0.09374613,,,,
1077,-0.05746084,0.50757074,8.762778,,,,,,,
1078,,,,-0.3398297,-0.10120321,-0.09907261,,,,
1079,,,,,,,29.8125,-38.6875,-41.1875,
1081,,,,-0.36539686,-0.12996623,-0.10120321,,,,
1087,0.10534488,0.33518824,9.059659,,,,,,,
1087,,,,-0.38883337,-0.1384886,-0.10120321,,,,
1092,,,,-0.39948636,-0.12890093,-0.10120321,,,,
1097,0.12449849,0.33518824,9.260772,,,,,,,
1097,,,,-0.40481284,-0.09374613,-0.09374613,,,,
1098,,,,,,,30.75,-47.375,-41.9375,
1101,,,,-0.39842105,-0.06178722,-0.08202787,,,,
1107,0.19153613,0.45010993,9.222465,,,,,,,
1107,,,,-0.38670278,-0.025567126,-0.067113705,,,,
1112,,,,-0.37072334,0.006391781,-0.05219955,,,,
1117,0.2873042,0.545878,9.002198,,,,,,,
1117,,,,-0.36326626,0.043677174,-0.04154658,,,,
1118,,,,,,,30.625,-47.1875,-41.75,
1122,,,,-0.35900506,0.07776668,-0.03089361,,,,
1127,0.41180268,0.6799533,8.7532015,,,,,,,
1127,,,,-0.35793978,0.1043991,-0.028763017,,,,
1132,,,,-0.36433154,0.12357444,-0.026632423,,,,
1138,0.5363012,0.94810385,8.504205,,,,,,,
1138,,,,-0.37498453,0.13209683,-0.034089502,,,,
1142,,,,-0.3877681,0.13209683,-0.046873067,,,,
1147,0.45968673,1.043872,8.341399,,,,,,,
1148,,,,-0.40587813,0.12570503,-0.064983115,,,,
1152,,,,-0.42079228,0.1022685,-0.07883197,,,,
1157,0.4405331,0.9672575,8.159439,,,,,,,
1158,,,,-0.42824936,0.07457078,-0.094811425,,,,
1159,,,,,,,30.375,-42.6875,-41.5625,
1162,,,,-0.43251055,0.044742472,-0.113986775,,,,
1166,0.40222588,0.89064306,8.178593,,,,,,,
1168,,,,-0.43357584,0.01065297,-0.12357444,,,,
1172,,,,-0.43677175,-0.017044751,-0.13529271,,,,
1177,0.33518824,0.8619126,8.121132,,,,,,,
1178,,,,-0.43357584,-0.040481284,-0.14381509,,,,
1179,,,,,,,30.875,-47.1875,-42.0625,
1181,,,,-0.43677175,-0.05646074,-0.14914156,,,,
1187,0.29688102,0.78529817,8.054094,,,,,,,
1187,,,,-0.43677175,-0.064983115,-0.15233746,,,,
1192,,,,-0.43996763,-0.067113705,-0.15020686,,,,
1197,0.20111294,0.7374141,8.121132,,,,,,,
1198,,,,-0.43996763,-0.07883197,-0.15233746,,,,
1198,,,,,,,30.875,-46.875,-42.1875,
1201,,,,-0.43144527,-0.094811425,-0.15020686,,,,
1207,0.17238252,0.7757214,8.255207,,,,,,,
1207,,,,-0.4154658,-0.10759499,-0.15233746,,,,
1212,,,,-0.39309457,-0.12357444,-0.16085984,,,,
1217,0.2777274,0.6607997,8.226477,,,,,,,
1218,,,,-0.36433154,-0.12357444,-0.16405573,,,,
1219,,,,,,,30.875,-46.4375,-42.3125,
1222,,,,-0.33343795,-0.1043991,-0.16831692,,,,
1227,0.36391866,0.60333884,8.283937,,,,,,,
1227,,,,-0.30041373,-0.08309316,-0.16831692,,,,
1231,,,,-0.24501829,-0.057526033,-0.15340276,,,,
1237,0.31603462,0.7278373,8.37013,,,,,,,
1238,,,,-0.18962285,-0.03835069,-0.13422741,,,,
1239,,,,,,,30.875,-46.0625,-42.625,
1242,,,,-0.120378554,-0.019175345,-0.11079088,,,,
1247,0.06703765,0.7565677,8.389283,,,,,,,
1247,,,,-0.043677174,-0.008522376,-0.08202787,,,,
1251,,,,0.046873067,-0.005326485,-0.053264845,,,,
1257,0.076614454,0.7565677,8.255207,,,,,,,
1258,,,,0.15766394,-0.005326485,-0.02130594,,,,
1259,,,,,,,30.9375,-45.875,-42.6875,
1262,,,,0.28336897,-0.002130594,0.01065297,,,,
1266,0.12449849,0.92895025,7.9104424,,,,,,,
1267,,,,0.40374753,0.005326485,0.039415985,,,,
1272,,,,0.51240784,0.004261188,0.070309594,,,,
1277,0.1340753,1.1013328,7.728483,,,,,,,
1278,,,,0.5933704,-0.012783563,0.08628905,,,,
1279,,,,,,,31,-45.6875,-42.9375,
1282,,,,0.6413088,-0.023436533,0.08628905,,,,
1287,0.37349546,1.2737153,8.111555,,,,,,,
1287,,,,0.64876586,-0.046873067,0.070309594,,,,
1292,,,,0.62639457,-0.060721926,0.044742472,,,,
1297,0.48841715,1.3024458,8.839393,,,,,,,
1298,,,,0.5784562,-0.05539544,0.018110048,,,,
1298,,,,,,,31.1875,-45.5625,-43.1875,
1302,,,,0.5156037,-0.020240642,-0.002130594,,,,
1307,0.50757074,1.0726024,9.959879,,,,,,,
1307,,,,0.4452941,0.033024207,-0.012783563,,,,
1312,,,,0.39309457,0.10972559,-0.019175345,,,,
1317,0.59376204,0.8331822,11.204864,,,,,,,
1318,,,,0.3813763,0.19921052,-0.020240642,,,,
1319,,,,,,,31.3125,-45.5,-43.25,
1322,,,,0.39948636,0.3078708,-0.017044751,,,,
1327,0.35434186,0.58418524,12.29662,,,,,,,
1327,,,,0.43570644,0.4239882,-0.002130594,,,,
1332,,,,0.4911019,0.53797495,0.031958908,,,,
1337,-0.18195933,0.46926352,12.909535,,,,,,,
1338,,,,0.56354207,0.6540923,0.06604841,,,,
1339,,,,,,,31.3125,-45.375,-43,
1342,,,,0.6498311,0.771275,0.1054644,,,,
1347,-0.5267244,0.02873042,12.947843,,,,,,,
1347,,,,0.74357724,0.87567407,0.15553336,,,,
1352,,,,0.81921333,0.9577019,0.22797355,,,,
1358,-1.2258313,0.21068975,12.698846,,,,,,,
1359,,,,,,,31.5,-45.8125,-42.9375,
1360,,,,0.8692823,0.9662243,0.31106672,,,,
1362,,,,0.89591473,0.886327,0.39629045,,,,
1367,-1.6280571,0.7757214,12.823344,,,,,,,
1367,,,,0.88313115,0.74464256,0.46766534,,,,
1372,,,,0.8309316,0.5571503,0.5219955,,,,
1377,-1.5035586,1.4077905,13.455414,,,,,,,
1378,,,,0.74890375,0.351548,0.5550197,,,,
1378,,,,,,,31.6875,-46.0625,-42.625,
1382,,,,0.63811284,0.14061919,0.56673795,,,,
1387,-1.1587936,1.6950948,14.738706,,,,,,,
1387,,,,0.5177343,-0.089484945,0.5603462,,,,
1392,,,,0.40800872,-0.33130735,0.53690964,,,,
1397,-0.9864111,1.6376339,16.357185,,,,,,,
1398,,,,0.32917675,-0.56780326,0.49749365,,,,
1402,,,,,,,32.0625,-46.5,-42.0625,
1403,,,,0.28549957,-0.78618914,0.46340418,,,,
1407,-1.0630256,1.6184803,18.20551,,,,,,,
1408,,,,0.27271602,-0.99285674,0.43783703,,,,
1412,,,,0.27165073,-1.1952631,0.42824936,,,,
1419,-0.25857377,0.94810385,20.149601,,,,,,,
1419,,,,,,,32.1875,-46.9375,-41.75,
1419,,,,0.26952013,-1.3784943,0.44422883,,,,
1422,,,,0.26952013,-1.5148523,0.4847101,,,,
1427,0.6895301,0.31603462,22.064962,,,,,,,
1427,,,,0.27165073,-1.5883577,0.54649734,,,,
1432,,,,0.29508725,-1.5840966,0.60402334,,,,
1438,1.8387469,0.009576807,23.175873,,,,,,,
1438,,,,0.3419603,-1.492481,0.63385165,,,,
1439,,,,,,,32.1875,-47.4375,-41.3125,
1442,,,,0.3781804,-1.2847481,0.6295905,,,,
1447,2.873042,0.30645782,22.7928,,,,,,,
1447,,,,0.37178862,-0.95876724,0.5859133,,,,
1452,,,,0.30041373,-0.5528891,0.50388545,,,,
1457,2.882619,1.1971009,21.088129,,,,,,,
1458,,,,0.1395539,-0.15553336,0.3920293,,,,
1458,,,,,,,31.875,-47.75,-40.9375,
1462,,,,-0.10013791,0.16192514,0.24075711,,,,
1467,2.7102363,1.4173675,19.278112,,,,,,,
1467,,,,-0.4175964,0.38883337,0.035154797,,,,
1472,,,,-0.8053645,0.50495076,-0.22797355,,,,
1477,1.1875241,0.78529817,18.703505,,,,,,,
1478,,,,-1.219765,0.50708133,-0.5315832,,,,
1479,,,,,,,31.5625,-48.0625,-40.4375,
1482,,,,-1.6139249,0.4495553,-0.8277357,,,,
1487,-1.0151415,-1.0821792,19.220652,,,,,,,
1488,,,,-1.922861,0.36646214,-1.072754,,,,
1492,,,,-2.1146145,0.26952013,-1.2272221,,,,
1497,-3.0262709,-3.41892,19.919758,,,,,,,
1498,,,,-2.1945117,0.14914156,-1.2858135,,,,
1499,,,,,,,31.5,-48.1875,-40.625,
1502,,,,-2.1678793,0.003195891,-1.2357445,,,,
1507,-4.3766007,-4.9416323,20.72421,,,,,,,
1507,,,,-2.0464354,-0.15340276,-1.0929947,,,,
1513,,,,-1.8248537,-0.30041373,-0.868217,,,,
1518,-4.6160207,-5.5258174,20.925323,,,,,,,
1519,,,,-1.5169828,-0.42505348,-0.5816521,,,,
1523,,,,-1.1292148,-0.53904027,-0.25034478,,,,
1528,-3.3518825,-4.7500963,19.737799,,,,,,,
1529,,,,-0.6626147,-0.63385165,0.07776668,,,,
1532,,,,-0.14488038,-0.6871165,0.37072334,,,,
1537,-1.340753,-2.6144683,17.075447,,,,,,,
1538,,,,0.3792457,-0.6945736,0.595501,,,,
1539,,,,,,,31.125,-47.6875,-41,
1542,,,,0.85756403,-0.65622294,0.7339896,,,,
1547,0.35434186,-0.20111294,13.024457,,,,,,,
1548,,,,1.248528,-0.5816521,0.77447087,,,,
1552,,,,1.5308317,-0.50388545,0.7329243,,,,
1557,1.2162545,2.1643584,8.66701,,,,,,,
1558,,,,1.7034098,-0.42611876,0.63065577,,,,
1558,,,,,,,30.625,-47.375,-41.5625,
1562,,,,1.747087,-0.32598087,0.4847101,,,,
1567,1.2641385,3.3327289,4.501099,,,,,,,
1567,,,,1.6650591,-0.16938221,0.31319728,,,,
1572,,,,1.4615874,0.058591332,0.15766394,,,,
1577,0.6799533,3.323152,1.6280571,,,,,,,
1578,,,,1.1846102,0.31319728,0.028763017,,,,
1579,,,,,,,30.25,-47.1875,-41.875,
1582,,,,0.886327,0.5550197,-0.06285252,,,,
1587,-0.10534488,2.7964275,-0.22984336,,,,,,,
1587,,,,0.6210681,0.7648832,-0.11505207,,,,
1592,,,,0.4154658,0.9278736,-0.12570503,,,,
1598,-0.47884035,2.0973208,-1.2641385,,,,,,,
1598,,,,0.29082605,1.0301422,-0.09587672,,,,
1599,,,,,,,30,-46.875,-42,
1602,,,,0.23543063,1.0834069,-0.02130594,,,,
1607,-0.7374141,1.5514427,-2.480393,,,,,,,
1608,,,,0.23116943,1.104713,0.091615535,,,,
1612,,,,0.25460598,1.0823417,0.2056023,,,,
1617,-1.1013328,1.5801731,-2.9113493,,,,,,,
1618,,,,0.28763017,1.0130974,0.29189137,,,,
1619,,,,,,,30.125,-46.75,-42.125,
1622,,,,0.32491556,0.9033718,0.33130735,,,,
1627,-1.1971009,1.8100165,-2.9975405,,,,,,,
1627,,,,0.34089503,0.7414467,0.33130735,,,,
1632,,,,0.3483521,0.54649734,0.30680552,,,,
1637,-1.2737153,1.8291701,-2.825158,,,,,,,
1637,,,,0.33876443,0.36326626,0.26312834,,,,
1638,,,,,,,30.3125,-46.3125,-42.5,
1642,,,,0.3100014,0.18749227,0.2098635,,,,
1647,-1.2162545,1.4652514,-2.0685902,,,,,,,
1648,,,,0.26206306,0.009587673,0.14701098,,,,
1652,,,,0.20347172,-0.14701098,0.08309316,,,,
1657,-0.8810662,0.93852705,-0.9576807,,,,,,,
1657,,,,0.14807628,-0.26632422,0.029828314,,,,
1658,,,,,,,30.375,-46.1875,-42.125,
1662,,,,0.1054644,-0.33663383,-0.009587673,,,,
1667,-0.92895025,0.4213795,-0.038307227,,,,,,,
1667,,,,0.07563608,-0.3451562,-0.031958908,,,,
1672,,,,0.063917816,-0.31319728,-0.039415985,,,,
1678,-1.043872,-0.019153614,0.60333884,,,,,,,
1678,,,,0.050068956,-0.26419365,-0.043677174,,,,
1679,,,,,,,30.5,-46.3125,-41.875,
1682,,,,0.026632423,-0.19601464,-0.04793836,,,,
1687,-1.0247183,-0.33518824,0.93852705,,,,,,,
1687,,,,-0.008522376,-0.12677033,-0.05539544,,,,
1692,,,,-0.05113425,-0.07883197,-0.06604841,,,,
1697,-0.90021986,-0.51714754,1.1300632,,,,,,,
1698,,,,-0.08735435,-0.05219955,-0.07350549,,,,
1699,,,,,,,30.5625,-46.5625,-41.625,
1702,,,,-0.116117366,-0.03728539,-0.08096257,,,,
1707,-0.62249243,-0.6512229,1.3790601,,,,,,,
1708,,,,-0.13103153,-0.029828314,-0.09055024,,,,
1712,,,,-0.1374233,-0.025567126,-0.09694202,,,,
1718,-0.41180268,-0.7182605,1.7429788,,,,,,,
1718,,,,-0.117182665,-0.022371236,-0.1043991,,,,
1719,,,,,,,30.6875,-46.9375,-41.125,
1722,,,,-0.08415846,-0.012783563,-0.11292148,,,,
1727,-0.18195933,-0.92895025,1.7046716,,,,,,,
1727,,,,-0.03089361,0,-0.11824796,,,,
1732,,,,0.034089502,0.012783563,-0.122509144,,,,
1737,-0.24899697,-0.8714894,1.3503298,,,,,,,
1738,,,,0.10120321,0.026632423,-0.12463974,,,,
1739,,,,,,,30.8125,-47.0625,-40.9375,
1742,,,,0.16618632,0.046873067,-0.120378554,,,,
1747,-0.17238252,-0.90979666,0.8619126,,,,,,,
1748,,,,0.21518998,0.08096257,-0.116117366,,,,
1752,,,,0.24501829,0.12677033,-0.10972559,,,,
1757,-0.08619126,-0.6895301,0.11492168,,,,,,,
1758,,,,0.25354066,0.18429637,-0.11292148,,,,
1759,,,,,,,31,-47.25,-41.125,
1762,,,,0.23969181,0.25567126,-0.13209683,,,,
1767,-0.076614454,-0.48841715,-0.6799533,,,,,,,
1768,,,,0.20134112,0.32917675,-0.16299044,,,,
1772,,,,0.14488038,0.39096397,-0.19921052,,,,
1778,-0.18195933,-0.4213795,-1.2258313,,,,,,,
1778,,,,0.089484945,0.43570644,-0.23010413,,,,
1779,,,,,,,31.1875,-47.125,-41,
1782,,,,0.034089502,0.46340418,-0.25460598,,,,
1787,-0.45010993,-0.5746084,-1.6376339,,,,,,,
1788,,,,-0.012783563,0.4953631,-0.25673655,,,,
1793,,,,-0.057526033,0.527322,-0.23862651,,,,
1798,-0.8331822,-0.7661445,-1.6759412,,,,,,,
1799,,,,-0.09907261,0.5401055,-0.2056023,,,,
1800,,,,,,,31.3125,-47.3125,-40.8125,
1803,,,,-0.12996623,0.5187996,-0.17044751,,,,
1808,-1.2354081,-0.8523358,-1.4173675,,,,,,,
1809,,,,-0.1374233,0.44849002,-0.13103153,,,,
1812,,,,-0.113986775,0.3398297,-0.08735435,,,,
1818,-1.4939818,-1.0247183,-1.0821792,,,,,,,
1819,,,,-0.06178722,0.22584295,-0.035154797,,,,
1821,,,,,,,31.5625,-47.625,-40.9375,
1823,,,,0.006391781,0.12570503,0.014914157,,,,
1828,-1.3694834,-1.1971009,-0.8331822,,,,,,,
1829,,,,0.06178722,0.059656627,0.064983115,,,,
1833,,,,0.10013791,0,0.11185618,,,,
1838,-1.1971009,-0.9959879,-0.46926352,,,,,,,
1839,,,,0.120378554,-0.05539544,0.14381509,,,,
1840,,,,,,,31.5,-47.6875,-40.75,
1842,,,,0.12783563,-0.09907261,0.16299044,,,,
1848,-0.7661445,-0.7757214,-0.10534488,,,,,,,
1849,,,,0.119313255,-0.13635801,0.16405573,,,,
1853,,,,0.089484945,-0.15766394,0.14914156,,,,
1858,-0.32561144,-0.7469909,0.9576807,,,,,,,
1859,,,,,,,31.75,-47.625,-40.6875,
1860,,,,0.03728539,-0.17896989,0.12677033,,,,
1863,,,,-0.03728539,-0.204537,0.09694202,,,,
1868,-0.23942018,-0.7278373,2.7485435,,,,,,,
1869,,,,-0.12783563,-0.22584295,0.0692443,,,,
1873,,,,-0.22584295,-0.23649593,0.043677174,,,,
1878,-0.29688102,-1.0534488,5.631162,,,,,,,
1879,,,,,,,32.0625,-47.625,-40.6875,
1879,,,,-0.3078708,-0.22264706,0.023436533,,,,
1883,,,,-0.36965802,-0.15659864,0.034089502,,,,
1888,-0.92895025,-1.4652514,8.868123,,,,,,,
1888,,,,-0.40161693,-0.020240642,0.089484945,,,,
1892,,,,-0.40800872,0.15553336,0.18429637,,,,
1898,-1.484405,-1.5610195,12.047623,,,,,,,
1899,,,,-0.39415985,0.36220095,0.3078708,,,,
1900,,,,,,,32.375,-47.6875,-40.8125,
1902,,,,-0.3504827,0.61787224,0.46233886,,,,
1907,-1.4173675,-1.4269443,14.116213,,,,,,,
1907,,,,-0.2865649,0.88419646,0.64663523,,,,
1912,,,,-0.22264706,1.0972558,0.8522375,,,,
1918,-0.5746084,-0.59376204,15.571888,,,,,,,
1918,,,,-0.18323107,1.1792837,1.0578399,,,,
1919,,,,,,,32.5,-47.625,-40.5625,
1922,,,,-0.16405573,1.0876682,1.2389404,,,,
1927,0.8619126,1.4652514,17.017986,,,,,,,
1927,,,,-0.14807628,0.8607599,1.3614495,,,,
1932,,,,-0.13209683,0.5614115,1.3859513,,,,
1938,1.8579005,5.0278234,19.249382,,,,,,,
1938,,,,-0.12996623,0.23330003,1.3156418,,,,
1939,,,,,,,32.625,-47.75,-40.6875,
1942,,,,-0.1374233,-0.08096257,1.1835449,,,,
1947,2.2697031,8.025364,21.662737,,,,,,,
1947,,,,-0.14381509,-0.351548,1.0258809,,,,
1952,,,,-0.1747087,-0.49962425,0.8607599,,,,
1957,2.9017725,9.136273,23.24291,,,,,,,
1958,,,,-0.29828313,-0.49003658,0.68605125,,,,
1959,,,,,,,32.5625,-47.8125,-40.875,
1962,,,,-0.5656727,-0.35900506,0.50708133,,,,
1967,2.9496565,9.212888,24.669855,,,,,,,
1967,,,,-0.975812,-0.16618632,0.29508725,,,,
1972,,,,-1.4679792,0.043677174,0.039415985,,,,
1978,3.6008794,6.7133417,25.608381,,,,,,,
1978,,,,-2.0006278,0.2066676,-0.29402196,,,,
1979,,,,,,,32.4375,-47.875,-40.6875,
1982,,,,-2.6195652,0.2109288,-0.7627526,,,,
1987,3.572149,1.8674773,29.486988,,,,,,,
1987,,,,-3.3791218,-0.004261188,-1.3795595,,,,
1992,,,,-4.204727,-0.35793978,-2.0538924,,,,
1998,-0.17238252,-4.261679,36.16202,,,,,,,
1998,,,,-4.8428397,-0.67220235,-2.6184998,,,,
1999,,,,,,,32.4375,-47.75,-40.9375,
2002,,,,-5.142188,-0.8064298,-2.9391541,,,,
2007,-2.72939,-12.306197,40.24174,,,,,,,
2007,,,,-5.1038375,-0.6828553,-2.977505,,,,
2012,,,,-4.8236647,-0.36326626,-2.7271602,,,,
2018,-5.506664,-15.792154,39.71502,,,,,,,
2018,,,,-4.3602605,-0.033024207,-2.2552335,,,,
2019,,,,,,,32.3125,-47.1875,-41.3125,
2022,,,,-3.738127,0.09374613,-1.6629285,,,,
2027,-6.703765,-13.196839,36.0471,,,,,,,
2027,,,,-2.974309,-0.1054644,-1.0599705,,,,
2032,,,,-2.0890472,-0.60934985,-0.5305179,,,,
2037,-5.315128,-9.825804,30.885202,,,,,,,
2038,,,,-1.1526513,-1.280487,-0.09907261,,,,
2039,,,,,,,32.25,-45.875,-41.8125,
2041,,,,,,,,,,17
2042,,,,-0.23330003,-2.0006278,0.243953,,,,
2047,-2.7389667,-6.38773,25.57965,,,,,,,
2048,,,,0.5891092,-2.6643076,0.49642837,,,,
2053,,,,1.2368097,-3.1639318,0.67646354,,,,
2058,-0.49799395,-2.6910827,20.90617,,,,,,,
2058,,,,1.6341655,-3.404689,0.79151565,,,,
2059,,,,,,,32.0625,-44.625,-42.375,
2062,,,,1.7673277,-3.3535547,0.8564987,,,,
2067,1.2354081,-0.30645782,16.903065,,,,,,,
2068,,,,1.7023445,-3.0456839,0.8852618,,,,
2072,,,,1.5265706,-2.551386,0.88419646,,,,
2078,1.9249382,1.2449849,13.532028,,,,,,,
2078,,,,1.3262947,-1.9580158,0.85436815,,,,
2079,,,,,,,31.75,-43.5,-43.1875,
2082,,,,1.1356065,-1.3252294,0.7968421,,,,
2087,2.1739352,1.5131354,10.333375,,,,,,,
2088,,,,0.96409374,-0.71481425,0.7307937,,,,
2092,,,,0.8234745,-0.16831692,0.6796594,,,,
2098,1.934515,1.3120226,7.441179,,,,,,,
2098,,,,0.7286631,0.29082605,0.64876586,,,,
2099,,,,,,,30.9375,-42.6875,-43.8125,
2102,,,,0.6913777,0.65089643,0.6413088,,,,
2107,1.3120226,1.0630256,4.663905,,,,,,,
2107,,,,0.7084225,0.8980453,0.63811284,,,,
2112,,,,0.7627526,1.0269462,0.6455699,,,,
2118,0.59376204,0.93852705,1.6184803,,,,,,,
2118,,,,0.8319969,1.0461216,0.6583535,,,,
2120,,,,,,,30.375,-41.75,-44.3125,
2122,,,,0.88845766,0.95876724,0.6583535,,,,
2127,0.02873042,1.1683705,-0.9864111,,,,,,,
2127,,,,0.9150901,0.78618914,0.63065577,,,,
2132,,,,0.87567407,0.56247675,0.57099915,,,,
2138,-0.2777274,1.1875241,-2.5091233,,,,,,,
2138,,,,0.7691444,0.32917675,0.4932325,,,,
2139,,,,,,,29.8125,-40.625,-45.1875,
2142,,,,0.60615396,0.117182665,0.40268224,,,,
2147,-0.25857377,1.1492168,-2.5091233,,,,,,,
2147,,,,0.42292288,-0.05219955,0.3057402,,,,
2152,,,,0.24927948,-0.1725781,0.21518998,,,,
2157,-0.33518824,0.81402856,-1.5705963,,,,,,,
2158,,,,0.12783563,-0.24608359,0.1395539,,,,
2159,,,,,,,29.375,-40,-45.5625,
2162,,,,0.06604841,-0.2801731,0.089484945,,,,
2167,-0.40222588,0.36391866,-0.48841715,,,,,,,
2168,,,,0.06178722,-0.29189137,0.06604841,,,,
2173,,,,0.1022685,-0.30254433,0.06178722,,,,
2178,-0.4309563,0.1436521,-0.009576807,,,,,,,
2178,,,,0.1725781,-0.32171968,0.06285252,,,,
2180,,,,,,,28.75,-39.875,-45.625,
2183,,,,0.26845482,-0.33130735,0.07776668,,,,
2187,0.047884032,-0.08619126,-0.22026655,,,,,,,
2187,,,,0.35900506,-0.32171968,0.10759499,,,,
2192,,,,0.43037996,-0.312132,0.14807628,,,,
2198,0.47884035,0.17238252,-0.62249243,,,,,,,
2199,,,,0.46979594,-0.312132,0.175774,,,,
2200,,,,,,,28.0625,-40.375,-45.75,
2202,,,,0.46127358,-0.30893612,0.1747087,,,,
2207,0.842759,0.2681506,-0.90979666,,,,,,,
2207,,,,0.40374753,-0.29508725,0.15233746,,,,
2212,,,,0.312132,-0.26632422,0.116117366,,,,
2218,1.2449849,0.15322891,-0.7278373,,,,,,,
2218,,,,0.2056023,-0.22903883,0.07350549,,,,
2220,,,,,,,27.5625,-40.75,-45.5,
2222,,,,0.10120321,-0.18429637,0.022371236,,,,
2227,1.436521,0.10534488,-0.25857377,,,,,,,
2227,,,,0.014914157,-0.12783563,-0.033024207,,,,
2232,,,,-0.045807768,-0.08096257,-0.09907261,,,,
2233,,,,,,,,,,13
2238,1.4269443,0.019153614,0.31603462,,,,,,,
2239,,,,-0.08522376,-0.03089361,-0.16938221,,,,
2242,,,,,,,27.3125,-41,-45.25,
2243,,,,-0.10652969,0.014914157,-0.23756121,,,,
2247,1.2258313,-0.22026655,0.6607997,,,,,,,
2248,,,,-0.11292148,0.058591332,-0.29828313,,,,
2253,,,,-0.10866029,0.11079088,-0.3398297,,,,
2258,0.80445176,-0.48841715,0.8331822,,,,,,,
2259,,,,-0.09587672,0.1725781,-0.35900506,,,,
2259,,,,,,,27.375,-41.0625,-45.0625,
2262,,,,-0.088419646,0.25034478,-0.36007038,,,,
2267,0.59376204,-0.6991069,0.6607997,,,,,,,
2268,,,,-0.08735435,0.34302562,-0.3504827,,,,
2273,,,,-0.10120321,0.4495553,-0.33130735,,,,
2278,0.39264908,-0.6799533,0.5267244,,,,,,,
2278,,,,-0.122509144,0.5688686,-0.3100014,,,,
2279,,,,,,,27.5,-41.1875,-44.9375,
2282,,,,-0.14594568,0.6871165,-0.29402196,,,,
2288,0.12449849,-0.7182605,0.35434186,,,,,,,
2290,,,,-0.17044751,0.7925809,-0.2801731,,,,
2292,,,,-0.19601464,0.8778047,-0.26738954,,,,
2298,-0.11492168,-0.62249243,0.16280572,,,,,,,
2299,,,,,,,27.5625,-41.5,-44.625,
2299,,,,-0.21412468,0.9353307,-0.25460598,,,,
2302,,,,-0.22584295,0.9577019,-0.243953,,,,
2307,-0.4309563,-0.4213795,0.019153614,,,,,,,
2308,,,,-0.23436533,0.9534408,-0.23649593,,,,
2313,,,,-0.23543063,0.907633,-0.24075711,,,,
2318,-0.61291564,-0.22026655,0.038307227,,,,,,,
2319,,,,-0.23649593,0.83306223,-0.25354066,,,,
2320,,,,,,,27.75,-41.375,-44.8125,
2322,,,,-0.2418224,0.7329243,-0.2780425,,,,
2327,-0.78529817,-0.16280572,0.21068975,,,,,,,
2328,,,,-0.24501829,0.6285252,-0.3078708,,,,
2333,,,,-0.23649593,0.5113425,-0.33769912,,,,
2339,-1.0342951,-0.35434186,0.94810385,,,,,,,
2340,,,,,,,28.1875,-41.25,-44.8125,
2341,,,,-0.2066676,0.3898987,-0.35474387,,,,
2342,,,,-0.15020686,0.2865649,-0.35900506,,,,
2348,-1.1492168,-0.7086837,1.4460979,,,,,,,
2348,,,,-0.06604841,0.21732058,-0.33237264,,,,
2353,,,,0.025567126,0.18749227,-0.2823037,,,,
2359,-1.1683705,-0.79487497,1.8387469,,,,,,,
2360,,,,,,,28.375,-41.125,-44.75,
2360,,,,0.113986775,0.18855755,-0.21412468,,,,
2363,,,,0.19494934,0.19388404,-0.14488038,,,,
2368,-1.0630256,-0.58418524,1.8195933,,,,,,,
2369,,,,0.26099774,0.2119941,-0.08309316,,,,
2372,,,,0.30893612,0.23330003,-0.031958908,,,,
2378,-0.78529817,-0.2873042,1.7142484,,,,,,,
2378,,,,0.3419603,0.25460598,0.01065297,,,,
2379,,,,,,,28.6875,-40.9375,-44.625,
2382,,,,0.36539686,0.2780425,0.043677174,,,,
2388,-0.41180268,0.009576807,1.8770541,,,,,,,
2388,,,,0.37072334,0.3078708,0.05539544,,,,
2392,,,,0.35367858,0.33769912,0.039415985,,,,
2398,-0.1340753,0.16280572,2.5378537,,,,,,,
2398,,,,0.31106672,0.36433154,-0.006391781,,,,
2399,,,,,,,29,-41.125,-44.5625,
2403,,,,0.25780186,0.38670278,-0.07350549,,,,
2407,-0.11492168,-0.1340753,3.8786068,,,,,,,
2408,,,,0.2098635,0.41866168,-0.14701098,,,,
2412,,,,0.18536167,0.45807767,-0.21305938,,,,
2418,-0.59376204,-0.8714894,5.6790466,,,,,,,
2419,,,,,,,29.3125,-41.3125,-44.5625,
2419,,,,0.19601464,0.4932325,-0.25141007,,,,
2423,,,,0.24501829,0.527322,-0.26525894,,,,
2427,-1.4269443,-1.4748282,7.603985,,,,,,,
2427,,,,0.33237264,0.5550197,-0.2418224,,,,
2432,,,,0.4474247,0.5933704,-0.17044751,,,,
2438,-2.681506,-1.934515,9.337387,,,,,,,
2438,,,,0.5784562,0.624264,-0.03089361,,,,
2439,,,,,,,29.8125,-41.3125,-44.3125,
2442,,,,0.7169448,0.6274599,0.1747087,,,,
2447,-3.0071173,-2.3080103,10.553641,,,,,,,
2447,,,,0.8714129,0.62213343,0.44635943,,,,
2452,,,,1.054644,0.5986969,0.7797974,,,,
2458,-1.8674773,-1.8962077,10.658986,,,,,,,
2458,,,,1.2389404,0.5475626,1.1537166,,,,
2459,,,,,,,30,-41.4375,-44.125,
2462,,,,1.3657106,0.43357584,1.5073951,,,,
2467,1.4269443,0.2681506,10.821792,,,,,,,
2468,,,,1.3966043,0.22371235,1.7705235,,,,
2472,,,,1.3039235,-0.08096257,1.8525513,,,,
2478,5.267244,3.9935284,12.966996,,,,,,,
2478,,,,1.054644,-0.44422883,1.6831691,,,,
2479,,,,,,,30.3125,-41.9375,-43.875,
2482,,,,0.624264,-0.8064298,1.2517239,,,,
2488,6.483498,6.5505357,17.171215,,,,,,,
2488,,,,0.023436533,-1.1132354,0.6359823,,,,
2492,,,,-0.6913777,-1.3518618,-0.04793836,,,,
2499,5.2480903,4.759673,23.836672,,,,,,,
2500,,,,-1.4456079,-1.5073951,-0.6913777,,,,
2500,,,,,,,30.5,-42.4375,-43.5,
2503,,,,-2.1252675,-1.5947496,-1.2037855,,,,
2508,3.7253778,-1.1587936,32.043995,,,,,,,
2508,,,,-2.6174345,-1.618186,-1.531897,,,,
2512,,,,-2.874171,-1.5904883,-1.6703856,,,,
2519,1.9632454,-6.301539,38.881836,,,,,,,
2520,,,,,,,30.6875,-42.875,-43.4375,
2520,,,,-2.895477,-1.5563989,-1.6256431,,,,
2523,,,,-2.759119,-1.5404193,-1.4626527,,,,
2527,1.0055647,-9.241618,43.737278,,,,,,,
2527,,,,-2.5663004,-1.5372235,-1.2559851,,,,
2534,,,,-2.3734815,-1.4999381,-1.043991,,,,
2539,0.23942018,-9.3661175,46.141056,,,,,,,
2539,,,,-2.1689446,-1.3444047,-0.84584576,,,,
2543,,,,-1.9271221,-1.0194892,-0.65622294,,,,
2547,0.36391866,-9.021352,44.33104,,,,,,,
2548,,,,-1.6671897,-0.60615396,-0.49962425,,,,
2552,,,,-1.4274979,-0.25034478,-0.39735577,,,,
2558,0.47884035,-8.418014,39.07337,,,,,,,
2558,,,,-1.219765,-0.04154658,-0.3440909,,,,
2559,,,,,,,30.6875,-42.8125,-43.875,
2562,,,,-1.0173585,0.02769772,-0.32171968,,,,
2567,0.17238252,-6.4547677,32.704796,,,,,,,
2568,,,,-0.8266704,-0.059656627,-0.31106672,,,,
2573,,,,-0.6711371,-0.29189137,-0.32278496,,,,
2578,-0.61291564,-4.1180267,27.2939,,,,,,,
2578,,,,-0.5496932,-0.6413088,-0.35474387,,,,
2579,,,,,,,30.375,-42.125,-44.0625,
2583,,,,-0.4431635,-1.0567746,-0.3835069,,,,
2588,-0.78529817,-2.327164,23.942017,,,,,,,
2588,,,,-0.37072334,-1.4413468,-0.380311,,,,
2592,,,,-0.32598087,-1.7215198,-0.33450323,,,,
2598,-0.23942018,-0.9672575,22.390574,,,,,,,
2599,,,,-0.29721785,-1.8536167,-0.24501829,,,,
2600,,,,,,,30.0625,-41.625,-44.5625,
2603,,,,-0.24927948,-1.8472248,-0.13422741,,,,
2608,0.6799533,0.34476504,20.973207,,,,,,,
2608,,,,-0.15233746,-1.7449564,-0.017044751,,,,
2612,,,,-0.006391781,-1.56066,0.089484945,,,,
2615,,,,,,,,,,13
2618,1.7812861,1.388637,18.760965,,,,,,,
2618,,,,0.15766394,-1.3049887,0.18855755,,,,
2619,,,,,,,29.625,-41,-45,
2623,,,,0.32171968,-0.99818325,0.26738954,,,,
2627,2.9400797,2.135628,15.753847,,,,,,,
2628,,,,0.46873066,-0.68072474,0.32811147,,,,
2632,,,,0.60828453,-0.36859274,0.36646214,,,,
2638,3.763685,2.777274,12.497733,,,,,,,
2639,,,,0.7265325,-0.067113705,0.36007038,,,,
2639,,,,,,,29,-40.25,-45.3125,
2643,,,,0.82560515,0.19921052,0.30467492,,,,
2647,3.9264908,3.7541082,8.925584,,,,,,,
2648,,,,0.9023065,0.40587813,0.19281875,,,,
2653,,,,0.95876724,0.53904027,0.03728539,,,,
2658,3.5434184,4.0414124,5.602432,,,,,,,
2658,,,,0.98539966,0.6168069,-0.14914156,,,,
2659,,,,,,,28.3125,-39.5625,-45.8125,
2662,,,,0.9715508,0.68605125,-0.3462215,,,,
2667,2.6910827,3.3997664,2.9400797,,,,,,,
2668,,,,0.9140248,0.7840586,-0.5315832,,,,
2673,,,,0.8085604,0.9332001,-0.6913777,,,,
2678,1.6089035,2.4708161,0.842759,,,,,,,
2678,,,,0.66900647,1.1132354,-0.818148,,,,
2679,,,,,,,27.625,-38.8125,-46.125,
2682,,,,0.5156037,1.3113805,-0.91615534,,,,
2688,0.29688102,1.3694834,-0.61291564,,,,,,,
2688,,,,0.36646214,1.492481,-0.9832691,,,,
2692,,,,0.23649593,1.6458838,-1.0290768,,,,
2698,-1.3120226,0.39264908,-1.541866,,,,,,,
2698,,,,0.14488038,1.7513481,-1.0503827,,,,
2699,,,,,,,27.3125,-38.375,-46.4375,
2703,,,,0.08628905,1.8056782,-1.0514481,,,,
2708,-2.7389667,-0.4213795,-2.231396,,,,,,,
2708,,,,0.064983115,1.8024824,-1.012032,,,,
2712,,,,0.08096257,1.7268463,-0.9385266,,,,
2719,-3.9456444,-1.043872,-2.8538885,,,,,,,
2720,,,,0.1374233,1.5872924,-0.8341275,,,,
2721,,,,,,,27.5625,-38.25,-46.375,
2723,,,,0.23436533,1.3699719,-0.70629185,,,,
2728,-4.405331,-1.043872,-3.1986535,,,,,,,
2728,,,,0.35367858,1.0834069,-0.5539544,,,,
2733,,,,0.4847101,0.7627526,-0.39842105,,,,
2738,-4.0701427,-0.9576807,-3.6870706,,,,,,,
2739,,,,0.60189277,0.4431635,-0.24927948,,,,
2740,,,,,,,28.25,-38.3125,-46.1875,
2743,,,,0.6913777,0.14274979,-0.12144385,,,,
2747,-3.41892,-0.51714754,-3.7828386,,,,,,,
2748,,,,0.74038136,-0.12144385,-0.012783563,,,,
2752,,,,0.74783844,-0.3206544,0.05539544,,,,
2758,-2.5570073,-0.009576807,-3.4476504,,,,,,,
2759,,,,0.71374893,-0.4538165,0.09694202,,,,
2760,,,,,,,28.4375,-38.375,-45.875,
2766,,,,0.6295905,-0.50495076,0.11079088,,,,
2768,-1.934515,0.20111294,-2.9017725,,,,,,,
2768,,,,0.5230608,-0.4857754,0.1022685,,,,
2773,,,,0.40055165,-0.4154658,0.07989727,,,,
2778,-1.7238252,0.18195933,-2.2601264,,,,,,,
2779,,,,0.28763017,-0.32917675,0.05219955,,,,
2780,,,,,,,29.25,-38.5,-45.5,
2782,,,,0.19175345,-0.26206306,0.03089361,,,,
2788,-1.6280571,-0.15322891,-1.3790601,,,,,,,
2788,,,,0.119313255,-0.19494934,0.022371236,,,,
2793,,,,0.07350549,-0.15127216,0.029828314,,,,
2798,-1.8100165,-0.48841715,-0.48841715,,,,,,,
2798,,,,0.060721926,-0.119313255,0.050068956,,,,
2799,,,,,,,29.75,-38.75,-45.3125,
2802,,,,0.09374613,-0.10652969,0.08202787,,,,
2808,-1.733402,-0.90021986,0.047884032,,,,,,,
2808,,,,0.15553336,-0.10652969,0.122509144,,,,
2812,,,,0.23116943,-0.10972559,0.17044751,,,,
2818,-1.4652514,-1.0151415,0.2777274,,,,,,,
2818,,,,0.30680552,-0.09800732,0.22584295,,,,
2819,,,,,,,30.1875,-38.875,-45.375,
2823,,,,0.36220095,-0.07244019,0.2769772,,,,
2828,-1.1013328,-0.8331822,0.11492168,,,,,,,
2828,,,,0.39415985,-0.014914157,0.31532788,,,,
2832,,,,0.39735577,0.064983115,0.34302562,,,,
2839,-0.6703765,-0.63206923,-0.095768064,,,,,,,
2839,,,,,,,30.6875,-39.125,-44.9375,
2840,,,,0.37604982,0.17044751,0.3472868,,,,
2843,,,,0.34089503,0.2801731,0.33556855,,,,
2847,-0.79487497,-0.35434186,-0.41180268,,,,,,,
2848,,,,0.30041373,0.36646214,0.30254433,,,,
2853,,,,0.25886714,0.4133352,0.25567126,,,,
2858,-0.9576807,-0.31603462,-0.641646,,,,,,,
2859,,,,,,,31.1875,-39.3125,-44.6875,
2859,,,,0.22477765,0.4175964,0.2066676,,,,
2863,,,,0.2077329,0.39842105,0.15659864,,,,
2867,-1.1779473,-0.5267244,-0.5554548,,,,,,,
2868,,,,0.2066676,0.36752746,0.116117366,,,,
2873,,,,0.21305938,0.34089503,0.08522376,,,,
2878,-1.3503298,-0.89064306,-0.48841715,,,,,,,
2879,,,,0.22690825,0.32917675,0.068179004,,,,
2880,,,,,,,31.3125,-39.8125,-44.5,
2883,,,,0.23436533,0.33769912,0.07137489,,,,
2888,-1.5035586,-1.2449849,-0.37349546,,,,,,,
2888,,,,0.23969181,0.36752746,0.09907261,,,,
2893,,,,0.2418224,0.39842105,0.14701098,,,,
2899,-1.6089035,-1.3599066,-0.2777274,,,,,,,
2899,,,,,,,31.0625,-40.1875,-44.4375,
2900,,,,0.25034478,0.42505348,0.2119941,,,,
2902,,,,0.2748466,0.44103295,0.28549957,,,,
2908,-1.4748282,-1.3503298,-0.17238252,,,,,,,
2908,,,,0.32704616,0.43357584,0.36965802,,,,
2913,,,,0.39415985,0.42079228,0.44849002,,,,
2918,-0.93852705,-1.13964,-0.41180268,,,,,,,
2919,,,,0.47299185,0.39522517,0.5241261,,,,
2920,,,,,,,31.125,-40.5,-44.3125,
2923,,,,0.5443667,0.36433154,0.5784562,,,,
2928,-0.49799395,-0.5650316,-0.5650316,,,,,,,
2928,,,,0.5869786,0.33450323,0.60615396,,,,
2933,,,,0.5901745,0.30147904,0.6114804,,,,
2938,-0.15322891,-0.047884032,-0.5363012,,,,,,,
2939,,,,,,,31.125,-40.9375,-44.4375,
2940,,,,0.57099915,0.27165073,0.60082746,,,,
2943,,,,0.53797495,0.23862651,0.5816521,,,,
2947,0.08619126,0.59376204,-0.02873042,,,,,,,
2948,,,,0.50708133,0.20347172,0.5401055,,,,
2953,,,,0.47618774,0.1736434,0.4857754,,,,
2959,-0.10534488,1.043872,0.90021986,,,,,,,
2959,,,,0.4474247,0.14914156,0.42505348,,,,
2960,,,,,,,31.25,-41.25,-44.25,
2963,,,,0.41866168,0.15020686,0.3898987,,,,
2968,-0.38307226,0.94810385,1.9057846,,,,,,,
2968,,,,0.37391922,0.18110047,0.380311,,,,
2973,,,,0.29508725,0.21625528,0.40800872,,,,
2978,-0.5746084,0.34476504,3.5913026,,,,,,,
2979,,,,0.1736434,0.2428877,0.47938362,,,,
2980,,,,,,,31.375,-41.5625,-44.0625,
2983,,,,0.02450183,0.26312834,0.5912398,,,,
2988,-0.81402856,-0.25857377,6.6846113,,,,,,,
2989,,,,-0.12357444,0.27165073,0.7467731,,,,
2992,,,,-0.22903883,0.27165073,0.9353307,,,,
2998,-0.4213795,-0.7565677,10.67814,,,,,,,
2999,,,,-0.26845482,0.25460598,1.1579778,,,,
3000,,,,,,,31.8125,-42.25,-44.1875,
3003,,,,-0.21412468,0.2087982,1.4093878,,,,
3008,1.0151415,-0.34476504,14.480132,,,,,,,
3008,,,,-0.08522376,0.13529271,1.660798,,,,
3013,,,,0.09587672,0.022371236,1.8685309,,,,
3018,3.1890767,0.6991069,17.630901,,,,,,,
3019,,,,0.29828313,-0.14061919,1.9942359,,,,
3020,,,,,,,32,-42.9375,-43.875,
3023,,,,0.47299185,-0.33130735,2.0144765,,,,
3028,5.056554,1.6089035,20.341137,,,,,,,
3029,,,,0.57952154,-0.5156037,1.9207304,,,,
3033,,,,0.60508865,-0.6988348,1.7534788,,,,
3039,6.4068837,2.1068976,23.27164,,,,,,,
3040,,,,,,,31.9375,-43.375,-43.6875,
3040,,,,0.574195,-0.868217,1.5553335,,,,
3043,,,,0.5187996,-1.0258809,1.3188376,,,,
3048,7.632715,1.5131354,25.407269,,,,,,,
3049,,,,0.43783703,-1.1601083,1.036534,,,,
3053,,,,0.29295665,-1.2389404,0.721206,,,,
3059,8.207323,0.58418524,26.556486,,,,,,,
3060,,,,,,,31.75,-43.9375,-43.375,
3061,,,,0.045807768,-1.2314832,0.40161693,,,,
3063,,,,-0.35367858,-1.1366718,0.07563608,,,,
3068,8.331821,-1.1300632,27.629087,,,,,,,
3069,,,,-0.95450604,-0.9907262,-0.32171968,,,,
3073,,,,-1.7801112,-0.8479764,-0.81921333,,,,
3079,6.205771,-3.8115692,30.818165,,,,,,,
3080,,,,,,,31.5,-44.5625,-43,
3081,,,,-2.7687068,-0.7244019,-1.3710371,,,,
3083,,,,-3.7647593,-0.5912398,-1.8706614,,,,
3089,2.5474305,-8.762778,37.67516,,,,,,,
3090,,,,-4.5402956,-0.4868407,-2.2072952,,,,
3094,,,,-4.8843865,-0.41013932,-2.27867,,,,
3099,0.31603462,-13.742718,43.7277,,,,,,,
3100,,,,-4.7799873,-0.3877681,-2.1028962,,,,
3101,,,,,,,30.9375,-44.625,-42.9375,
3103,,,,-4.331497,-0.3898987,-1.7438911,,,,
3109,-1.1109096,-14.374787,45.49941,,,,,,,
3109,,,,-3.6656868,-0.3440909,-1.2836828,,,,
3113,,,,-2.9221096,-0.204537,-0.79151565,,,,
3118,-0.8810662,-12.555194,42.482716,,,,,,,
3119,,,,,,,30.6875,-44.4375,-43.375,
3119,,,,-2.2051647,-0.03728539,-0.3185238,,,,
3122,,,,-1.5681171,0.067113705,0.088419646,,,,
3128,-0.4405331,-8.7532015,36.956898,,,,,,,
3128,,,,-1.015228,0.04154658,0.39415985,,,,
3132,,,,-0.5283873,-0.14701098,0.56673795,,,,
3138,0.6607997,-5.1906295,30.933086,,,,,,,
3138,,,,-0.08522376,-0.4932325,0.5997622,,,,
3139,,,,,,,30.375,-43.625,-43.6875,
3143,,,,0.32491556,-0.9481143,0.51666903,,,,
3148,0.59376204,-2.1739352,26.00103,,,,,,,
3148,,,,0.71481425,-1.4456079,0.37285393,,,,
3153,,,,1.0471869,-1.8770531,0.23330003,,,,
3158,0.019153614,-0.79487497,22.486341,,,,,,,
3159,,,,1.2677033,-2.1188755,0.14274979,,,,
3160,,,,,,,29.8125,-42.875,-44.0625,
3163,,,,1.334817,-2.0847862,0.120378554,,,,
3167,0.076614454,-0.21068975,20.187908,,,,,,,
3168,,,,1.2751604,-1.7801112,0.16085984,,,,
3173,,,,1.1665001,-1.2890093,0.23223473,,,,
3178,0.009576807,0.45010993,17.793707,,,,,,,
3179,,,,1.0887334,-0.7180101,0.29295665,,,,
3179,,,,,,,29,-41.875,-44.4375,
3182,,,,1.0748847,-0.15233746,0.33024204,,,,
3189,-0.29688102,0.80445176,14.652514,,,,,,,
3191,,,,1.1185617,0.3494174,0.3472868,,,,
3193,,,,1.2059162,0.7755362,0.36220095,,,,
3199,-0.31603462,0.842759,10.927136,,,,,,,
3200,,,,,,,28.125,-41.125,-44.8125,
3200,,,,1.3188376,1.1153659,0.3898987,,,,
3203,,,,1.4466733,1.3614495,0.42931467,,,,
3208,0.40222588,1.0630256,7.2113357,,,,,,,
3208,,,,1.5872924,1.5223093,0.45914298,,,,
3214,,,,1.7257811,1.6192514,0.46979594,,,,
3218,1.2354081,1.4652514,3.0550013,,,,,,,
3219,,,,1.8589431,1.6618632,0.4559471,,,,
3220,,,,,,,27.8125,-40.3125,-45.1875,
3223,,,,1.9580158,1.6512103,0.40587813,,,,
3228,1.7621324,1.8291701,-0.8810662,,,,,,,
3228,,,,2.0187378,1.5734435,0.32171968,,,,
3233,,,,2.0261948,1.4232367,0.2066676,,,,
3238,1.4173675,2.0207062,-3.7445314,,,,,,,
3238,,,,1.9825176,1.2293527,0.063917816,,,,
3239,,,,,,,27.625,-39.8125,-45.625,
3243,,,,1.8898368,1.0237503,-0.08628905,,,,
3248,0.81402856,1.6950948,-5.0182467,,,,,,,
3248,,,,1.7524135,0.84584576,-0.22584295,,,,
3253,,,,1.5649211,0.74783844,-0.34302562,,,,
3258,0.40222588,0.90979666,-5.0757074,,,,,,,
3259,,,,1.3326864,0.7467731,-0.4239882,,,,
3260,,,,,,,27.8125,-39.625,-45.5625,
3263,,,,1.0993865,0.80749506,-0.46660006,,,,
3268,0.05746084,0.17238252,-4.5777135,,,,,,,
3268,,,,0.90869826,0.88845766,-0.47725302,,,,
3273,,,,0.7979074,0.95024484,-0.4538165,,,,
3278,-0.29688102,-0.25857377,-4.414908,,,,,,,
3279,,,,0.7659485,0.96409374,-0.39415985,,,,
3279,,,,,,,27.9375,-40,-45.1875,
3283,,,,0.800038,0.9140248,-0.31745848,,,,
3288,-0.05746084,-0.05746084,-4.6351743,,,,,,,
3288,,,,0.8660864,0.7989727,-0.243953,,,,
3293,,,,0.9385266,0.6359823,-0.17151281,,,,
3298,0.82360536,0.019153614,-5.0374002,,,,,,,
3299,,,,1.004575,0.45914298,-0.11185618,,,,
3299,,,,,,,28.1875,-40.875,-44.4375,
3302,,,,1.0344033,0.27058542,-0.08735435,,,,
3308,1.8770541,0.29688102,-5.3438582,,,,,,,
3308,,,,1.0216198,0.09694202,-0.10866029,,,,
3313,,,,0.96409374,-0.03728539,-0.18323107,,,,
3318,2.7868507,0.61291564,-5.209783,,,,,,,
3318,,,,0.8639558,-0.13209683,-0.31319728,,,,
3319,,,,,,,28.5625,-41.75,-43.8125,
3323,,,,0.71481425,-0.18216577,-0.4953631,,,,
3328,3.1890767,0.7565677,-4.7979803,,,,,,,
3328,,,,0.50814664,-0.15766394,-0.71055305,,,,
3333,,,,0.243953,-0.057526033,-0.92680836,,,,
3338,2.432509,0.076614454,-3.667917,,,,,,,
3339,,,,-0.040481284,0.09587672,-1.1292148,,,,
3340,,,,,,,29.4375,-42.75,-43.0625,
3343,,,,-0.29615256,0.27165073,-1.2858135,,,,
3348,1.1204864,-1.1300632,-2.3463178,,,,,,,
3348,,,,-0.48151422,0.4506206,-1.3838208,,,,
3353,,,,-0.5923051,0.58484805,-1.4338896,,,,
3358,-0.2681506,-2.0207062,-1.2641385,,,,,,,
3359,,,,-0.6253293,0.6594188,-1.4317591,,,,
3360,,,,,,,30.5,-43.5,-42.625,
3363,,,,-0.595501,0.6881818,-1.3870167,,,,
3368,-1.541866,-2.7581203,-0.7086837,,,,,,,
3368,,,,-0.5230608,0.7041613,-1.2996622,,,,
3373,,,,-0.43783703,0.70203066,-1.1750225,,,,
3379,-2.384625,-3.1603463,-0.5554548,,,,,,,
3379,,,,-0.3451562,0.67326766,-1.0162933,,,,
3380,,,,,,,31.5,-44.3125,-42.375,
3383,,,,-0.23649593,0.6231987,-0.8426499,,,,
3388,-2.7102363,-2.7006595,-0.545878,,,,,,,
3388,,,,-0.122509144,0.56780326,-0.6583535,,,,
3393,,,,-0.012783563,0.50921196,-0.49003658,,,,
3399,-2.2984335,-2.0207062,-0.7182605,,,,,,,
3399,,,,0.07776668,0.4527512,-0.3440909,,,,
3400,,,,,,,32.25,-44.625,-42,
3403,,,,0.14168449,0.40268224,-0.21945117,,,,
3408,-1.6950948,-1.2162545,-0.90979666,,,,,,,
3408,,,,0.18749227,0.36326626,-0.117182665,,,,
3413,,,,0.2077329,0.32278496,-0.046873067,,,,
3418,-0.90021986,-0.35434186,-1.2354081,,,,,,,
3419,,,,0.20134112,0.29082605,-0.019175345,,,,
3419,,,,,,,33,-45,-41.875,
3423,,,,0.17896989,0.25141007,-0.025567126,,,,
3428,-0.32561144,0.20111294,-1.283292,,,,,,,
3428,,,,0.13422741,0.2087982,-0.064983115,,,,
3433,,,,0.07989727,0.15340276,-0.12570503,,,,
3439,0.095768064,0.45968673,-0.9864111,,,,,,,
3439,,,,0.02450183,0.091615535,-0.20347172,,,,
3440,,,,,,,33.625,-45.0625,-41.625,
3443,,,,-0.022371236,0.022371236,-0.2865649,,,,
3448,-0.009576807,0.38307226,-0.2777274,,,,,,,
3448,,,,-0.059656627,-0.03728539,-0.36646214,,,,
3453,,,,-0.08415846,-0.07989727,-0.42718408,,,,
3458,-0.1340753,-0.009576807,0.30645782,,,,,,,
3459,,,,-0.09907261,-0.088419646,-0.46873066,,,,
3460,,,,,,,34.25,-45,-41.75,
3463,,,,-0.1043991,-0.07350549,-0.4825795,,,,
3468,-0.36391866,-0.40222588,0.89064306,,,,,,,
3468,,,,-0.11079088,-0.034089502,-0.47192654,,,,
3473,,,,-0.10866029,0.015979454,-0.43144527,,,,
3479,-0.641646,-0.5267244,1.340753,,,,,,,
3479,,,,-0.09907261,0.07563608,-0.3771151,,,,
3480,,,,,,,34.875,-44.75,-41.6875,
3483,,,,-0.07563608,0.11824796,-0.31319728,,,,
3488,-0.61291564,-0.21068975,1.5227122,,,,,,,
3488,,,,-0.04261188,0.14594568,-0.25780186,,,,
3493,,,,-0.006391781,0.15340276,-0.21518998,,,,
3498,-0.50757074,0.20111294,1.685518,,,,,,,
3499,,,,0.02130594,0.15127216,-0.18962285,,,,
3500,,,,,,,35.3125,-44.5,-41.8125,
3503,,,,0.045807768,0.12783563,-0.16938221,,,,
3508,-0.23942018,0.50757074,1.982399,,,,,,,
3508,,,,0.07457078,0.08628905,-0.16085984,,,,
3513,,,,0.094811425,0.040481284,-0.1725781,,,,
3519,-0.2777274,0.82360536,2.5378537,,,,,,,
3520,,,,0.10652969,-0.017044751,-0.2098635,,,,
3521,,,,,,,35.6875,-44.4375,-41.75,
3523,,,,0.11185618,-0.0692443,-0.26419365,,,,
3528,-1.0151415,1.0821792,3.41892,,,,,,,
3529,,,,0.10759499,-0.1054644,-0.3185238,,,,
3533,,,,0.09694202,-0.10972559,-0.36220095,,,,
3538,-2.1164744,0.78529817,4.6351743,,,,,,,
3539,,,,0.058591332,-0.07350549,-0.3771151,,,,
3539,,,,,,,35.875,-44.1875,-41.5625,
3543,,,,-0.019175345,-0.009587673,-0.36220095,,,,
3548,-3.2561142,0.35434186,6.8665705,,,,,,,
3548,,,,-0.116117366,0.057526033,-0.3100014,,,,
3553,,,,-0.19601464,0.11079088,-0.2087982,,,,
3558,-3.8307228,-0.22984336,10.505757,,,,,,,
3559,,,,-0.22797355,0.12357444,-0.05219955,,,,
3560,,,,,,,36.0625,-44.3125,-41.25,
3563,,,,-0.19068815,0.08628905,0.15659864,,,,
3568,-3.8115692,-0.5267244,15.02601,,,,,,,
3568,,,,-0.04793836,0.008522376,0.4154658,,,,
3573,,,,0.22051647,-0.08096257,0.72759783,,,,
3579,-2.3750482,-0.5267244,17.611748,,,,,,,
3579,,,,0.56780326,-0.14914156,1.0738193,,,,
3580,,,,,,,36.3125,-44.3125,-41.25,
3583,,,,0.88739234,-0.17790459,1.3912778,,,,
3588,-0.545878,1.4173675,17.659632,,,,,,,
3588,,,,1.043991,-0.16512102,1.5872924,,,,
3593,,,,0.91615534,-0.18216577,1.610729,,,,
3599,0.05746084,5.209783,18.83758,,,,,,,
3599,,,,0.46340418,-0.30254433,1.4370855,,,,
3600,,,,,,,36.4375,-44.5,-41.25,
3603,,,,-0.19814523,-0.4857754,1.0919293,,,,
3608,0.81402856,7.3166804,23.309948,,,,,,,
3608,,,,-0.9672896,-0.74038136,0.6295905,,,,
3613,,,,-1.8312454,-1.0738193,0.091615535,,,,
3618,1.8195933,5.1906295,31.93865,,,,,,,
3619,,,,-2.7367477,-1.4104532,-0.44635943,,,,
3619,,,,,,,36.75,-44.75,-41.0625,
3623,,,,-3.5474389,-1.8067436,-0.9140248,,,,
3628,5.0661306,-3.3327289,44.101196,,,,,,,
3628,,,,-4.1557236,-2.2488418,-1.3358823,,,,
3633,,,,-4.534969,-2.648328,-1.7300422,,,,
3639,5.4204726,-11.089942,55.93813,,,,,,,
3639,,,,-4.66387,-2.8858893,-2.0368478,,,,
3640,,,,,,,36.625,-44.625,-41.25,
3643,,,,-4.5189896,-2.7207685,-2.1700099,,,,
3648,3.1986535,-15.95496,61.712944,,,,,,,
3648,,,,-4.1919436,-2.0134113,-2.069872,,,,
3653,,,,-3.881942,-0.8618252,-1.7385646,,,,
3658,-0.5363012,-16.788143,59.941235,,,,,,,
3659,,,,-3.6710134,0.46127358,-1.2495933,,,,
3663,,,,-3.4302561,1.628839,-0.7009654,,,,
3669,-3.8881836,-14.853627,52.42344,,,,,,,
3669,,,,-2.992419,2.3585675,-0.175774,,,,
3673,,,,-2.353241,2.468293,0.29828313,,,,
3679,-5.449203,-11.865664,44.369347,,,,,,,
3679,,,,-1.6054025,1.8887714,0.7126837,,,,
3680,,,,,,,35.75,-43.25,-42.125,
3683,,,,-0.77766675,0.77766675,1.0493175,,,,
3688,-4.6926355,-7.8529816,38.584953,,,,,,,
3689,,,,0.15233746,-0.58378273,1.306054,,,,
3693,,,,1.1526513,-1.8919674,1.5127217,,,,
3698,-1.733402,-4.261679,33.336864,,,,,,,
3699,,,,2.0751984,-2.856061,1.7034098,,,,
3700,,,,,,,35.625,-42.25,-42.875,
3703,,,,2.7633803,-3.286441,1.8845103,,,,
3708,2.1547816,-0.08619126,26.537333,,,,,,,
3709,,,,3.128777,-3.06699,2.0421743,,,,
3713,,,,3.210805,-2.2669518,2.138051,,,,
3719,5.363012,3.1986535,18.128895,,,,,,,
3719,,,,3.0872304,-1.0897988,2.1146145,,,,
3720,,,,,,,35.1875,-41.25,-43.6875,
3723,,,,2.86991,0.2087982,1.9526893,,,,
3728,5.9567738,4.7979803,8.504205,,,,,,,
3728,,,,2.6270223,1.3998002,1.6874304,,,,
3733,,,,2.3798733,2.335131,1.3784943,,,,
3738,4.5298295,4.673482,-0.10534488,,,,,,,
3739,,,,2.152965,2.9402196,1.0866029,,,,
3740,,,,,,,34.5625,-40.625,-44.125,
3743,,,,1.951624,3.1841726,0.8298663,,,,
3748,1.9632454,4.644751,-6.588843,,,,,,,
3749,,,,1.7896988,3.0936222,0.57526034,,,,
3753,,,,1.6586673,2.7271602,0.3451562,,,,
3759,0.08619126,3.3997664,-10.0269165,,,,,,,
3760,,,,1.5436152,2.1593568,0.15020686,,,,
3763,,,,1.4306937,1.4839586,0,,,,
3768,-1.340753,2.0398598,-10.189722,,,,,,,
3769,,,,1.3135111,0.78299326,-0.12463974,,,,
3773,,,,1.2037855,0.1374233,-0.21305938,,,,
3779,-1.5514427,0.51714754,-7.6135616,,,,,,,
3779,,,,1.1036476,-0.3813763,-0.26952013,,,,
3780,,,,,,,33.875,-39.8125,-44.6875,
3783,,,,1.0290768,-0.67326766,-0.30680552,,,,
3789,-1.5227122,-0.78529817,-4.817134,,,,,,,
3789,,,,0.9832691,-0.71161836,-0.34089503,,,,
3793,,,,0.9385266,-0.5443667,-0.3781804,,,,
3799,-1.532289,-1.7908629,-3.466804,,,,,,,
3799,,,,0.9055024,-0.26738954,-0.3835069,,,,
3800,,,,,,,33.9375,-39.75,-44.6875,
3803,,,,0.88845766,0.05113425,-0.3398297,,,,
3808,-1.1971009,-2.767697,-3.8977604,,,,,,,
3809,,,,0.8778047,0.3483521,-0.25460598,,,,
3813,,,,0.85117227,0.5784562,-0.15872924,,,,
3819,-0.41180268,-2.6431987,-4.8362875,,,,,,,
3819,,,,0.8266704,0.72333664,-0.07457078,,,,
3820,,,,,,,34.375,-40.4375,-44.3125,
3823,,,,0.81175625,0.7808626,-0.019175345,,,,
3828,1.3215994,-1.733402,-5.1906295,,,,,,,
3828,,,,0.81069094,0.7670138,-0.02450183,,,,
3833,,,,0.81282157,0.6903124,-0.120378554,,,,
3839,2.9879637,-0.4405331,-5.899313,,,,,,,
3839,,,,0.7925809,0.56354207,-0.312132,,,,
3840,,,,,,,34.75,-41.375,-43.875,
3843,,,,0.7382508,0.40800872,-0.57099915,,,,
3848,3.5242648,0.076614454,-5.947197,,,,,,,
3849,,,,0.624264,0.23756121,-0.8351928,,,,
3853,,,,0.44635943,0.13103153,-1.0418605,,,,
3859,3.122039,-1.2737153,-4.960786,,,,,,,
3859,,,,0.22797355,0.14381509,-1.1686307,,,,
3860,,,,,,,34.875,-42.375,-43.0625,
3863,,,,0.009587673,0.25886714,-1.2186997,,,,
3868,2.1930888,-1.982399,-3.5913026,,,,,,,
3869,,,,-0.16725162,0.43677175,-1.2101773,,,,
3873,,,,-0.2823037,0.6327864,-1.140933,,,,
3878,1.3311762,-2.1643584,-3.1028855,,,,,,,
3879,,,,-0.33024204,0.82027864,-1.0290768,,,,
3880,,,,,,,35.375,-43.375,-42.375,
3883,,,,-0.3398297,0.986465,-0.9023065,,,,
3888,0.6991069,-1.9057846,-3.7062242,,,,,,,
3889,,,,-0.33130735,1.1196271,-0.7797974,,,,
3893,,,,-0.32171968,1.1920673,-0.6647453,,,,
3898,-0.047884032,-1.3024458,-4.7309427,,,,,,,
3899,,,,-0.30467492,1.1941979,-0.5518238,,,,
3899,,,,,,,36.1875,-43.9375,-41.625,
3903,,,,-0.29402196,1.1217576,-0.43357584,,,,
3908,-0.6703765,-0.81402856,-5.439626,,,,,,,
3909,,,,-0.3078708,1.0088362,-0.3163932,,,,
3913,,,,-0.34302562,0.87993526,-0.2098635,,,,
3919,-0.6703765,-0.10534488,-5.746084,,,,,,,
3920,,,,-0.3781804,0.760622,-0.1054644,,,,
3923,,,,-0.4133352,0.6413088,-0.034089502,,,,
3928,-0.61291564,0.9864111,-5.8226986,,,,,,,
3929,,,,-0.44849002,0.5177343,0.005326485,,,,
3933,,,,-0.49003658,0.3856375,0.006391781,,,,
3938,-0.641646,1.6184803,-5.305551,,,,,,,
3939,,,,-0.53690964,0.23649593,-0.01384886,,,,
3940,,,,,,,37.25,-44.6875,-40.9375,
3943,,,,-0.58058685,0.08522376,-0.04900366,,,,
3948,-0.8619126,1.4939818,-4.3478703,,,,,,,
3949,,,,-0.6125457,-0.04900366,-0.08522376,,,,
3953,,,,-0.63917816,-0.15233746,-0.1054644,,,,
3959,-1.2737153,1.1875241,-3.169923,,,,,,,
3959,,,,-0.67539823,-0.22158176,-0.10759499,,,,
3960,,,,,,,37.75,-44.8125,-40.5,
3963,,,,-0.7126837,-0.24608359,-0.08522376,,,,
3969,-1.6280571,0.9864111,-1.8100165,,,,,,,
3970,,,,-0.7265325,-0.26738954,-0.04261188,,,,
3973,,,,-0.71481425,-0.29934844,0.011718267,,,,
3979,-1.6759412,0.8331822,-0.82360536,,,,,,,
3980,,,,,,,38.3125,-44.4375,-40.5625,
3981,,,,-0.6711371,-0.35474387,0.07457078,,,,
3983,,,,-0.60508865,-0.419727,0.1384886,,,,
3988,-1.3215994,0.6895301,-0.05746084,,,,,,,
3989,,,,-0.52945256,-0.4911019,0.2056023,,,,
3993,,,,-0.46233886,-0.55075854,0.26525894,,,,
3999,-1.0151415,0.5746084,0.545878,,,,,,,
3999,,,,,,,38.75,-44.1875,-40.4375,
4000,,,,-0.4239882,-0.57632565,0.312132,,,,
4003,,,,-0.44849002,-0.5688686,0.3206544,,,,
4008,-0.80445176,0.80445176,1.4652514,,,,,,,
4009,,,,-0.52945256,-0.54330146,0.30360964,,,,
4013,,,,-0.65196174,-0.5187996,0.25567126,,,,
4018,-0.93852705,0.63206923,3.1603463,,,,,,,
4019,,,,-0.78725445,-0.4932325,0.19388404,,,,
4020,,,,,,,39.125,-43.9375,-40.6875,
4023,,,,-0.89591473,-0.44103295,0.13529271,,,,
4028,-1.6184803,0.2873042,5.056554,,,,,,,
4029,,,,-0.9438531,-0.380311,0.092680834,,,,
4033,,,,-0.91828597,-0.33663383,0.063917816,,,,
4038,-2.3463178,0.50757074,6.799533,,,,,,,
4039,,,,-0.8277357,-0.32811147,0.04154658,,,,
4039,,,,,,,39.5,-43.4375,-40.9375,
4043,,,,-0.6711371,-0.3504827,0.018110048,,,,
4048,-3.0454245,0.62249243,8.063671,,,,,,,
4048,,,,-0.48044893,-0.38883337,0.003195891,,,,
4053,,,,-0.2823037,-0.41653112,0.012783563,,,,
4059,-3.5913026,0.25857377,8.6574335,,,,,,,
4059,,,,-0.10759499,-0.37604982,0.058591332,,,,
4063,,,,0.043677174,-0.24608359,0.14594568,,,,
4068,-3.5529952,0.22984336,9.011775,,,,,,,
4069,,,,0.16725162,-0.05219955,0.26206306,,,,
4073,,,,0.27165073,0.16192514,0.39522517,,,,
4079,-3.0071173,0.6799533,9.097966,,,,,,,
4079,,,,0.351548,0.3472868,0.5219955,,,,
4080,,,,,,,39.5625,-42.875,-41.4375,
4083,,,,0.419727,0.4889713,0.6189375,,,,
4089,-2.3942018,1.2641385,9.414001,,,,,,,
4089,,,,0.4889713,0.58484805,0.6785942,,,,
4093,,,,0.5571503,0.6317211,0.6881818,,,,
4099,-2.2984335,1.340753,10.1226845,,,,,,,
4099,,,,0.60828453,0.6285252,0.6540923,,,,
4100,,,,,,,39.3125,-42.375,-41.8125,
4104,,,,0.6295905,0.5901745,0.5923051,,,,
4108,-3.1124623,0.23942018,12.191275,,,,,,,
4109,,,,0.6668759,0.5358444,0.54330146,,,,
4113,,,,0.7563608,0.50495076,0.5401055,,,,
4119,-3.371036,-1.8387469,15.648502,,,,,,,
4119,,,,0.90869826,0.46020827,0.60508865,,,,
4121,,,,,,,39.1875,-42.125,-42.125,
4123,,,,1.1143006,0.39415985,0.74357724,,,,
4128,-2.9592333,-3.8019924,18.875887,,,,,,,
4129,,,,1.3550577,0.36752746,0.9438531,,,,
4133,,,,1.5702477,0.40161693,1.180349,,,,
4139,-2.7581203,-3.6296098,20.685904,,,,,,,
4139,,,,1.7311075,0.4825795,1.4232367,,,,
4143,,,,1.8525513,0.5614115,1.6597326,,,,
4148,-1.6663644,-0.8619126,19.82399,,,,,,,
4149,,,,1.9654728,0.6210681,1.8940979,,,,
4153,,,,1.9899746,0.5731298,2.059219,,,,
4159,1.8674773,0.6799533,17.30529,,,,,,,
4159,,,,1.7428257,0.3856375,1.97293,,,,
4160,,,,,,,39,-42.8125,-41.8125,
4163,,,,1.230418,0.23862651,1.5830313,,,,
4168,0.51714754,4.8362875,16.481684,,,,,,,
4169,,,,0.5475626,0.32491556,0.89698005,,,,
4173,,,,-0.30041373,0.5358444,-0.019175345,,,,
4179,-2.231396,2.5570073,18.732235,,,,,,,
4179,,,,-1.32736,0.66368,-1.0088362,,,,
4180,,,,,,,38.75,-43.5,-41.375,
4183,,,,-2.3926568,0.6668759,-1.8482902,,,,
4189,-6.042965,-5.535394,26.05849,,,,,,,
4190,,,,-3.2491558,0.60082746,-2.4065058,,,,
4193,,,,-3.698711,0.50282013,-2.625957,,,,
4200,-10.0748005,-11.63582,34.093433,,,,,,,
4200,,,,-3.6955152,0.35900506,-2.4650972,,,,
4201,,,,,,,38.875,-44.25,-41.1875,
4203,,,,-3.2885716,0.16938221,-1.9558852,,,,
4209,-10.994174,-13.656527,38.259342,,,,,,,
4209,,,,-2.5854757,-0.060721926,-1.2538545,,,,
4213,,,,-1.7012792,-0.2844343,-0.5443667,,,,
4219,-9.270349,-11.252748,36.784515,,,,,,,
4219,,,,-0.800038,-0.46873066,0.07244019,,,,
4220,,,,,,,39.0625,-44.5625,-41,
4223,,,,-0.07350549,-0.5997622,0.5731298,,,,
4228,-6.493075,-7.833828,32.36003,,,,,,,
4229,,,,0.3813763,-0.63917816,0.94278777,,,,
4233,,,,0.57632565,-0.58378273,1.1707613,,,,
4239,-3.9743748,-4.4915223,27.887661,,,,,,,
4239,,,,0.61361104,-0.49003658,1.2740952,,,,
4240,,,,,,,39.1875,-44.5625,-40.8125,
4243,,,,0.5880439,-0.42718408,1.2740952,,,,
4248,-1.3599066,-1.9057846,24.018631,,,,,,,
4248,,,,0.57206446,-0.43464115,1.1824796,,,,
4253,,,,0.60402334,-0.53797495,1.0109668,,,,
4259,0.095768064,0.12449849,20.580557,,,,,,,
4260,,,,,,,39.4375,-44.875,-40.8125,
4261,,,,0.67326766,-0.67752886,0.7957768,,,,
4265,,,,0.7350549,-0.7808626,0.57739097,,,,
4268,0.6895301,0.35434186,17.238253,,,,,,,
4268,,,,0.7329243,-0.77873206,0.40800872,,,,
4273,,,,0.65622294,-0.6274599,0.30147904,,,,
4278,0.50757074,0.33518824,14.441825,,,,,,,
4279,,,,0.5198649,-0.3504827,0.24927948,,,,
4280,,,,,,,39.625,-44.9375,-40.875,
4283,,,,0.36220095,0.007457078,0.21945117,,,,
4289,-0.2777274,0.5746084,11.769896,,,,,,,
4290,,,,0.21838588,0.3824416,0.20240642,,,,
4293,,,,0.1022685,0.71161836,0.18962285,,,,
4299,-1.3503298,0.59376204,9.107543,,,,,,,
4299,,,,0.023436533,0.9662243,0.18749227,,,,
4303,,,,-0.011718267,1.1313454,0.2098635,,,,
4308,-2.3654714,0.49799395,6.7612257,,,,,,,
4309,,,,-0.003195891,1.1995244,0.24927948,,,,
4313,,,,0.039415985,1.1633042,0.30147904,,,,
4319,-2.920926,0.5363012,4.721366,,,,,,,
4319,,,,0.113986775,1.0354686,0.37072334,,,,
4320,,,,,,,39.4375,-44.625,-41.1875,
4324,,,,0.2109288,0.8319969,0.4538165,,,,
4328,-2.6431987,0.61291564,3.3806129,,,,,,,
4329,,,,0.32811147,0.5880439,0.5401055,,,,
4334,,,,0.4570124,0.32811147,0.62639457,,,,
4340,-1.8962077,0.7565677,2.2888567,,,,,,,
4340,,,,,,,39.625,-44.375,-41.4375,
4341,,,,0.58484805,0.10759499,0.6913777,,,,
4343,,,,0.6977695,-0.059656627,0.74464256,,,,
4348,-1.2162545,0.90979666,1.2545617,,,,,,,
4349,,,,0.77020967,-0.16512102,0.7723403,,,,
4353,,,,0.77447087,-0.19921052,0.7755362,,,,
4359,-0.6607997,1.1300632,0.641646,,,,,,,
4360,,,,0.6935083,-0.16299044,0.74783844,,,,
4361,,,,,,,39.6875,-44.25,-41.25,
4363,,,,0.54330146,-0.07457078,0.692443,,,,
4368,-0.46926352,1.0055647,0.5363012,,,,,,,
4369,,,,0.35900506,0.05646074,0.6295905,,,,
4374,,,,0.18323107,0.18642697,0.57526034,,,,
4379,-0.7182605,0.5554548,1.043872,,,,,,,
4379,,,,0.04261188,0.2748466,0.5315832,,,,
4380,,,,,,,39.375,-44.5,-41.1875,
4383,,,,-0.039415985,0.2844343,0.5113425,,,,
4389,-0.9672575,0.30645782,1.8291701,,,,,,,
4389,,,,-0.05646074,0.2119941,0.5156037,,,,
4393,,,,-0.01384886,0.07883197,0.5358444,,,,
4399,-0.8523358,0.17238252,2.6910827,,,,,,,
4399,,,,0.060721926,-0.08096257,0.56247675,,,,
4403,,,,0.14701098,-0.24075711,0.5891092,,,,
4409,-0.51714754,0.36391866,3.7828386,,,,,,,
4409,,,,0.23756121,-0.38883337,0.6157416,,,,
4413,,,,0.31958908,-0.50814664,0.6317211,,,,
4419,0.15322891,0.59376204,5.142745,,,,,,,
4419,,,,0.3920293,-0.60082746,0.6285252,,,,
4420,,,,,,,39.0625,-45.5625,-40.75,
4424,,,,0.4570124,-0.64876586,0.6029581,,,,
4428,0.48841715,0.7469909,6.4164605,,,,,,,
4429,,,,0.52093023,-0.64770055,0.56247675,,,,
4433,,,,0.5912398,-0.5923051,0.5230608,,,,
4439,0.641646,0.6607997,7.201759,,,,,,,
4440,,,,,,,38.8125,-46,-40.375,
4440,,,,0.6615494,-0.4868407,0.4857754,,,,
4443,,,,0.7222713,-0.33876443,0.4570124,,,,
4448,0.25857377,0.4309563,6.991069,,,,,,,
4449,,,,0.7670138,-0.15553336,0.43996763,,,,
4453,,,,0.77873206,0.046873067,0.43037996,,,,
4459,-0.08619126,0.49799395,6.2728086,,,,,,,
4459,,,,0.7542302,0.24501829,0.42079228,,,,
4460,,,,,,,38.6875,-46.5625,-40.0625,
4464,,,,0.68498594,0.43996763,0.409074,,,,
4468,-0.47884035,0.33518824,5.544971,,,,,,,
4469,,,,0.5859133,0.60189277,0.39735577,,,,
4474,,,,0.48151422,0.7041613,0.3835069,,,,
4479,-0.90021986,0.39264908,4.9703627,,,,,,,
4479,,,,0.3898987,0.71907544,0.37604982,,,,
4481,,,,,,,38.375,-46.875,-39.9375,
4484,,,,0.3163932,0.6658106,0.36326626,,,,
4488,-1.2354081,0.45010993,4.606444,,,,,,,
4489,,,,0.25460598,0.5401055,0.3472868,,,,
4493,,,,0.19601464,0.351548,0.33556855,,,,
4498,-1.13964,0.63206923,4.4915223,,,,,,,
4499,,,,0.13422741,0.09055024,0.3078708,,,,
4502,,,,,,,38.0625,-47.5625,-39.625,
4503,,,,0.06604841,-0.23223473,0.24821419,,,,
4508,-0.94810385,0.81402856,5.094861,,,,,,,
4509,,,,-0.003195891,-0.5688686,0.1725781,,,,
4513,,,,-0.070309594,-0.87567407,0.08096257,,,,
4519,-0.30645782,0.45010993,6.885724,,,,,,,
4519,,,,-0.1374233,-1.1281495,-0.033024207,,,,
4520,,,,,,,37.5625,-48.0625,-39.625,
4523,,,,-0.20134112,-1.3124459,-0.15233746,,,,
4528,0.08619126,-0.08619126,8.90643,,,,,,,
4529,,,,-0.26845482,-1.4285632,-0.25993246,,,,
4533,,,,-0.35474387,-1.4935462,-0.36433154,,,,
4539,0.095768064,-0.81402856,10.869676,,,,,,,
4539,,,,-0.46446946,-1.5010034,-0.43996763,,,,
4540,,,,,,,37.3125,-48.5,-39.5,
4543,,,,-0.57739097,-1.4477385,-0.4847101,,,,
4548,-0.05746084,-1.5993267,12.77546,,,,,,,
4548,,,,-0.6668759,-1.3390783,-0.4911019,,,,
4553,,,,-0.7084225,-1.1814142,-0.45807767,,,,
4559,-0.31603462,-1.9728222,13.972561,,,,,,,
4559,,,,-0.692443,-0.9960526,-0.3877681,,,,
4560,,,,,,,36.75,-48.625,-39.4375,
4563,,,,-0.6168069,-0.8053645,-0.28763017,,,,
4568,-0.38307226,-2.0398598,14.068329,,,,,,,
4569,,,,-0.49855897,-0.63385165,-0.15766394,,,,
4573,,,,-0.3472868,-0.49642837,-0.025567126,,,,
4578,-0.34476504,-1.5227122,12.909535,,,,,,,
4579,,,,-0.18536167,-0.40055165,0.09587672,,,,
4580,,,,,,,36.25,-48.5625,-39.625,
4583,,,,-0.03835069,-0.33663383,0.2056023,,,,
4588,0.047884032,-0.7182605,11.329363,,,,,,,
4589,,,,0.07989727,-0.30254433,0.29189137,,,,
4593,,,,0.17683929,-0.3078708,0.3504827,,,,
4598,0.6512229,0.51714754,9.768343,,,,,,,
4599,,,,0.2737813,-0.37178862,0.3792457,,,,
4600,,,,,,,35.8125,-48.6875,-39.6875,
4603,,,,0.36752746,-0.48151422,0.36752746,,,,
4608,1.1109096,1.8195933,8.494628,,,,,,,
4608,,,,0.44849002,-0.5933704,0.32278496,,,,
4613,,,,0.49003658,-0.6881818,0.25460598,,,,
4619,1.091756,2.480393,7.8529816,,,,,,,
4619,,,,0.487906,-0.7467731,0.18429637,,,,
4620,,,,,,,35.5,-48.625,-39.75,
4623,,,,0.46233886,-0.771275,0.120378554,,,,
4628,0.8714894,2.7389667,7.3549876,,,,,,,
4629,,,,0.4218576,-0.760622,0.06178722,,,,
4634,,,,0.36752746,-0.7339896,0.01065297,,,,
4639,0.38307226,2.767697,7.192182,,,,,,,
4640,,,,,,,35.125,-48.8125,-40.125,
4641,,,,0.30147904,-0.70735717,-0.035154797,,,,
4643,,,,0.23223473,-0.70735717,-0.07350549,,,,
4649,0.06703765,2.585738,7.3166804,,,,,,,
4650,,,,0.16512102,-0.7244019,-0.116117366,,,,
4653,,,,0.1054644,-0.7286631,-0.15446806,,,,
4659,-0.16280572,2.1547816,7.8050976,,,,,,,
4660,,,,0.04154658,-0.70948774,-0.17896989,,,,
4661,,,,,,,34.625,-48.5,-40.1875,
4664,,,,-0.015979454,-0.6796594,-0.19068815,,,,
4668,-0.23942018,1.7429788,8.322245,,,,,,,
4669,,,,-0.07457078,-0.63811284,-0.19175345,,,,
4674,,,,-0.12677033,-0.5784562,-0.19281875,,,,
4679,-0.05746084,1.3311762,9.701305,,,,,,,
4680,,,,-0.15872924,-0.46553475,-0.18855755,,,,
4681,,,,,,,34.1875,-48.4375,-40.3125,
4683,,,,-0.1725781,-0.3781804,-0.19814523,,,,
4688,0.02873042,1.5610195,10.726024,,,,,,,
4689,,,,-0.20347172,-0.32171968,-0.22584295,,,,
4694,,,,-0.2119941,-0.29082605,-0.25567126,,,,
4699,-0.641646,1.0630256,10.419566,,,,,,,
4700,,,,,,,33.6875,-48.125,-40.3125,
4701,,,,-0.18855755,-0.32278496,-0.27165073,,,,
4704,,,,-0.19494934,-0.3440909,-0.2748466,,,,
4710,-1.0534488,0.20111294,10.955867,,,,,,,
4710,,,,-0.23010413,-0.3526133,-0.26419365,,,,
4713,,,,-0.21732058,-0.3877681,-0.25247538,,,,
4719,-1.1971009,0.23942018,11.453861,,,,,,,
4720,,,,,,,33.125,-48.125,-40.5,
4720,,,,-0.16192514,-0.46766534,-0.24608359,,,,
4724,,,,-0.08415846,-0.5230608,-0.23543063,,,,
4729,-1.3120226,0.08619126,11.712435,,,,,,,
4730,,,,-0.006391781,-0.5443667,-0.2119941,,,,
4733,,,,0.06604841,-0.54223615,-0.18749227,,,,
4740,-1.388637,-0.009576807,11.453861,,,,,,,
4741,,,,,,,32.875,-48.3125,-40.625,
4741,,,,0.113986775,-0.5219955,-0.14914156,,,,
4743,,,,0.13635801,-0.49216717,-0.09374613,,,,
4749,-1.2354081,0.30645782,10.745177,,,,,,,
4749,,,,0.1374233,-0.4559471,-0.034089502,,,,
4753,,,,0.12144385,-0.42292288,0.015979454,,,,
4759,-1.0726024,0.59376204,10.323798,,,,,,,
4759,,,,,,,32.5625,-48.3125,-40.75,
4760,,,,0.11185618,-0.39522517,0.070309594,,,,
4763,,,,0.11079088,-0.3877681,0.12463974,,,,
4768,-0.6799533,0.9672575,10.218452,,,,,,,
4769,,,,0.14594568,-0.40161693,0.16725162,,,,
4773,,,,0.21945117,-0.43464115,0.19921052,,,,
4779,-0.24899697,1.3120226,10.036493,,,,,,,
4779,,,,0.312132,-0.48151422,0.22051647,,,,
4780,,,,,,,32.125,-48.4375,-40.6875,
4784,,,,0.3920293,-0.5347791,0.22797355,,,,
4784,,,,,,,,,,12
4788,0.06703765,1.4652514,9.615114,,,,,,,
4789,,,,0.4548818,-0.57206446,0.22264706,,,,
4793,,,,0.4868407,-0.595501,0.2087982,,,,
4799,0.15322891,1.5801731,9.232041,,,,,,,
4799,,,,0.49429777,-0.61361104,0.19068815,,,,
4800,,,,,,,31.4375,-48.3125,-40.5625,
4803,,,,0.47831833,-0.6274599,0.1725781,,,,
4808,0.22026655,1.5801731,9.251195,,,,,,,
4809,,,,0.4506206,-0.6317211,0.15766394,,,,
4814,,,,0.42505348,-0.6072193,0.1374233,,,,
4819,0.45010993,1.4939818,9.586384,,,,,,,
4820,,,,0.39735577,-0.5496932,0.1043991,,,,
4821,,,,,,,31.125,-48.1875,-40.8125,
4823,,,,0.36007038,-0.46660006,0.07244019,,,,
4829,0.40222588,1.6089035,9.720459,,,,,,,
4830,,,,0.30254433,-0.36859274,0.04793836,,,,
4834,,,,0.23010413,-0.27058542,0.040481284,,,,
4839,0.25857377,1.3215994,9.883265,,,,,,,
4840,,,,0.16299044,-0.18429637,0.036220096,,,,
4841,,,,,,,30.75,-48.125,-40.875,
4844,,,,0.11185618,-0.11505207,0.034089502,,,,
4848,-0.06703765,1.13964,10.04607,,,,,,,
4849,,,,0.09055024,-0.060721926,0.034089502,,,,
4853,,,,0.08309316,-0.022371236,0.046873067,,,,
4859,-0.2873042,0.94810385,10.036493,,,,,,,
4861,,,,,,,30.5625,-48.5,-40.9375,
4863,,,,0.09587672,0.040481284,0.07776668,,,,
4864,,,,0.10972559,0.040481284,0.07776668,,,,
4869,-0.4405331,0.8810662,9.854534,,,,,,,
4869,,,,0.12463974,0.05219955,0.09587672,,,,
4873,,,,0.14594568,0.03089361,0.120378554,,,,
4882,-0.47884035,1.0821792,9.3661175,,,,,,,
4883,,,,0.18536167,-0.1054644,0.13209683,,,,
4884,,,,,,,30.4375,-48.6875,-40.9375,
4884,,,,0.18536167,-0.1054644,0.13209683,,,,
4889,-0.35434186,1.2066777,9.184157,,,,,,,
4890,,,,0.2098635,-0.19281875,0.12463974,,,,
4895,,,,0.22797355,-0.26312834,0.11292148,,,,
4899,-0.19153613,1.2545617,9.136273,,,,,,,
4900,,,,,,,30.0625,-48.875,-40.8125,
4901,,,,0.23010413,-0.32385027,0.10013791,,,,
4904,,,,0.22797355,-0.37604982,0.09800732,,,,
4909,-0.038307227,1.292869,9.184157,,,,,,,
4911,,,,0.23010413,-0.4218576,0.094811425,,,,
4913,,,,0.21732058,-0.43890235,0.08628905,,,,
4919,0.33518824,1.4652514,9.251195,,,,,,,
4920,,,,,,,29.6875,-49,-40.8125,
4920,,,,0.18429637,-0.4175964,0.064983115,,,,
4924,,,,0.13635801,-0.35367858,0.04900366,,,,
4928,0.6512229,1.3599066,9.442732,,,,,,,
4929,,,,0.089484945,-0.26206306,0.04793836,,,,
4934,,,,0.050068956,-0.175774,0.054330144,,,,
4939,0.641646,1.4460979,9.56723,,,,,,,
4939,,,,0.02130594,-0.088419646,0.057526033,,,,
4943,,,,-0.003195891,-0.015979454,0.06178722,,,,
4948,0.7086837,1.4173675,9.586384,,,,,,,
4948,,,,-0.02130594,0.044742472,0.06285252,,,,
4953,,,,-0.033024207,0.07670138,0.060721926,,,,
4959,0.62249243,1.3790601,9.653421,,,,,,,
4959,,,,-0.031958908,0.092680834,0.05646074,,,,
4960,,,,,,,29.4375,-49.3125,-40.9375,
4963,,,,-0.018110048,0.088419646,0.058591332,,,,
4968,0.35434186,1.2258313,9.720459,,,,,,,
4969,,,,0.006391781,0.070309594,0.064983115,,,,
4973,,,,0.03089361,0.046873067,0.08096257,,,,
4979,0.31603462,1.13964,9.643845,,,,,,,
4979,,,,0.050068956,0.026632423,0.091615535,,,,
4980,,,,,,,29.1875,-49.6875,-40.8125,
4983,,,,0.04793836,0.008522376,0.09374613,,,,
4989,0.22026655,1.2258313,9.442732,,,,,,,
4989,,,,0.035154797,-0.002130594,0.08415846,,,,
4993,,,,0.022371236,-0.02130594,0.07137489,,,,
4999,0.047884032,1.0342951,9.404425,,,,,,,
4999,,,,0.008522376,-0.05113425,0.06604841,,,,
5000,,,,,,,29.125,-49.6875,-40.75,
5004,,,,0.01384886,-0.10120321,0.06285252,,,,
5008,-0.11492168,1.0247183,9.461885,,,,,,,
5009,,,,0.029828314,-0.15340276,0.06178722,,,,
5013,,,,0.054330144,-0.19921052,0.067113705,,,,
5019,-0.08619126,0.9768343,9.739613,,,,,,,
5019,,,,0.08735435,-0.23436533,0.07457078,,,,
5020,,,,,,,28.875,-49.5,-40.75,
5024,,,,0.12677033,-0.26312834,0.08309316,,,,
5028,-0.1340753,0.91937345,9.797073,,,,,,,
5029,,,,0.17044751,-0.2769772,0.10013791,,,,
5033,,,,0.2056023,-0.28123838,0.12357444,,,,
5038,-0.02873042,0.92895025,9.758766,,,,,,,
5039,,,,0.22264706,-0.2801731,0.15020686,,,,
5040,,,,,,,28.8125,-49.5625,-40.625,
5043,,,,0.21732058,-0.25460598,0.17044751,,,,
5048,0.15322891,0.9864111,9.710882,,,,,,,
5049,,,,0.19814523,-0.2109288,0.18110047,,,,
5053,,,,0.1747087,-0.16085984,0.18110047,,,,
5059,0.2777274,1.1013328,9.605537,,,,,,,
5059,,,,0.15127216,-0.120378554,0.1747087,,,,
5060,,,,,,,28.6875,-49.5625,-40.625,
5063,,,,0.1395539,-0.08628905,0.16938221,,,,
5069,0.45010993,1.0630256,9.615114,,,,,,,
5069,,,,0.12144385,-0.043677174,0.15979454,,,,
5073,,,,0.09907261,-0.003195891,0.14594568,,,,
5079,0.48841715,1.0630256,9.653421,,,,,,,
5080,,,,0.07457078,0.031958908,0.13635801,,,,
5081,,,,,,,28.6875,-49.625,-40.375,
5083,,,,0.060721926,0.057526033,0.12677033,,,,
5088,0.2777274,0.9576807,9.576807,,,,,,,
5089,,,,0.054330144,0.05646074,0.117182665,,,,
5093,,,,0.058591332,0.044742472,0.10866029,,,,
5099,0.18195933,0.90021986,9.423578,,,,,,,
5099,,,,0.058591332,0.029828314,0.1043991,,,,
5100,,,,,,,28.75,-49.6875,-40.25,
5103,,,,0.050068956,0.020240642,0.10866029,,,,
5108,0.24899697,0.9576807,9.241618,,,,,,,
5108,,,,0.04154658,0.015979454,0.117182665,,,,
5113,,,,0.028763017,0.011718267,0.11824796,,,,
5119,0.22984336,0.93852705,9.097966,,,,,,,
5119,,,,0.02450183,-0.006391781,0.119313255,,,,
5121,,,,,,,28.5625,-50,-40.25,
5123,,,,0.043677174,-0.04793836,0.116117366,,,,
5128,0.23942018,0.9768343,9.260772,,,,,,,
5129,,,,0.08096257,-0.1043991,0.10866029,,,,
5133,,,,0.12144385,-0.16299044,0.1054644,,,,
5139,0.37349546,0.93852705,9.270349,,,,,,,
5139,,,,0.15340276,-0.19494934,0.1022685,,,,
5141,,,,,,,28.5625,-50.0625,-40,
5143,,,,0.16192514,-0.20134112,0.1033338,,,,
5149,0.5746084,1.0342951,9.251195,,,,,,,
5149,,,,0.15127216,-0.18003519,0.09800732,,,,
5153,,,,0.12570503,-0.14914156,0.091615535,,,,
5159,0.7757214,1.2066777,9.3182335,,,,,,,
5159,,,,0.091615535,-0.10759499,0.08202787,,,,
5160,,,,,,,28.4375,-50.25,-39.875,
5163,,,,0.04900366,-0.05539544,0.068179004,,,,
5168,0.8523358,1.2162545,9.251195,,,,,,,
5169,,,,0.008522376,0,0.060721926,,,,
5173,,,,-0.029828314,0.04900366,0.053264845,,,,
5178,0.79487497,1.340753,9.232041,,,,,,,
5179,,,,-0.05113425,0.07244019,0.045807768,,,,
5180,,,,,,,28.3125,-50.4375,-39.6875,
5183,,,,-0.058591332,0.07457078,0.045807768,,,,
5189,0.7469909,1.436521,9.088389,,,,,,,
5189,,,,-0.05219955,0.046873067,0.044742472,,,,
5193,,,,-0.039415985,0.005326485,0.03728539,,,,
5199,0.82360536,1.5227122,9.030929,,,,,,,
5199,,,,-0.02130594,-0.04261188,0.02450183,,,,
5200,,,,,,,28.0625,-50.5625,-39.625,
5203,,,,-0.005326485,-0.089484945,0.011718267,,,,
5208,0.7757214,1.3982137,9.212888,,,,,,,
5208,,,,0.020240642,-0.1384886,0,,,,
5213,,,,0.04154658,-0.18003519,-0.008522376,,,,
5219,0.63206923,1.2354081,9.375694,,,,,,,
5219,,,,0.05646074,-0.2098635,-0.012783563,,,,
5220,,,,,,,28,-50.6875,-39.6875,
5223,,,,0.057526033,-0.21838588,-0.014914157,,,,
5228,0.545878,1.1683705,9.433155,,,,,,,
5229,,,,0.04900366,-0.21305938,-0.014914157,,,,
5233,,,,0.031958908,-0.204537,-0.017044751,,,,
5239,0.4309563,1.0534488,9.634268,,,,,,,
5239,,,,0.007457078,-0.17683929,-0.014914157,,,,
5240,,,,,,,27.875,-50.8125,-39.8125,
5243,,,,-0.009587673,-0.14274979,-0.008522376,,,,
5248,0.36391866,0.8619126,9.77792,,,,,,,
5249,,,,-0.019175345,-0.10972559,-0.002130594,,,,
5253,,,,-0.020240642,-0.07457078,0.003195891,,,,
5259,0.30645782,0.8523358,9.950302,,,,,,,
5259,,,,-0.008522376,-0.04793836,0.006391781,,,,
5260,,,,,,,27.5,-51,-39.625,
5263,,,,0.003195891,-0.043677174,0.022371236,,,,
5269,0.32561144,0.8523358,9.883265,,,,,,,
5269,,,,0.018110048,-0.046873067,0.03835069,,,,
5273,,,,0.040481284,-0.046873067,0.046873067,,,,
5279,0.32561144,1.0055647,9.892841,,,,,,,
5280,,,,0.067113705,-0.050068956,0.060721926,,,,
5281,,,,,,,27.375,-50.75,-39.5625,
5283,,,,0.09055024,-0.05646074,0.07989727,,,,
5289,0.33518824,1.0726024,9.672575,,,,,,,
5289,,,,0.11505207,-0.07776668,0.10013791,,,,
5294,,,,0.14807628,-0.10866029,0.11185618,,,,
5299,0.38307226,1.388637,9.528923,,,,,,,
5300,,,,0.18323107,-0.15127216,0.11505207,,,,
5301,,,,,,,27.375,-50.75,-39.75,
5304,,,,0.2109288,-0.19707993,0.10972559,,,,
5309,0.5650316,1.6280571,9.375694,,,,,,,
5310,,,,0.21732058,-0.22371235,0.09694202,,,,
5314,,,,0.2066676,-0.22690825,0.08309316,,,,
5319,0.7374141,1.7717092,9.394848,,,,,,,
5320,,,,0.17683929,-0.21518998,0.064983115,,,,
5321,,,,,,,27.5,-50.75,-39.6875,
5324,,,,0.1384886,-0.18110047,0.045807768,,,,
5329,0.842759,1.8100165,9.423578,,,,,,,
5330,,,,0.094811425,-0.14168449,0.02769772,,,,
5333,,,,0.04793836,-0.09374613,0.008522376,,,,
5339,0.7086837,1.685518,9.289502,,,,,,,
5339,,,,0.001065297,-0.05646074,-0.005326485,,,,
5341,,,,,,,27.3125,-50.8125,-39.75,
5344,,,,-0.039415985,-0.019175345,-0.009587673,,,,
5349,0.4405331,1.3694834,9.394848,,,,,,,
5350,,,,-0.05219955,0.001065297,-0.003195891,,,,
5354,,,,-0.040481284,0,0.002130594,,,,
5359,0.2873042,1.2545617,9.500193,,,,,,,
5359,,,,-0.008522376,-0.012783563,0.012783563,,,,
5360,,,,,,,27.375,-50.75,-39.8125,
5363,,,,0.026632423,-0.03835069,0.022371236,,,,
5368,0.41180268,1.1587936,9.595961,,,,,,,
5368,,,,0.05646074,-0.05539544,0.034089502,,,,
5373,,,,0.07989727,-0.063917816,0.044742472,,,,
5379,0.47884035,1.1875241,9.672575,,,,,,,
5379,,,,0.08628905,-0.060721926,0.050068956,,,,
5380,,,,,,,27.25,-50.8125,-39.5625,
5384,,,,0.08309316,-0.05113425,0.04900366,,,,
5390,0.45968673,1.2066777,9.672575,,,,,,,
5390,,,,0.07563608,-0.03089361,0.04900366,,,,
5393,,,,0.07137489,-0.025567126,0.050068956,,,,
5399,0.5267244,1.340753,9.442732,,,,,,,
5399,,,,0.068179004,-0.026632423,0.05113425,,,,
5400,,,,,,,27.25,-51.0625,-39.25,
5403,,,,0.059656627,-0.03089361,0.04793836,,,,
5408,0.39264908,1.2354081,9.394848,,,,,,,
5408,,,,0.054330144,-0.05113425,0.043677174,,,,
5413,,,,0.064983115,-0.092680834,0.03728539,,,,
5419,0.32561144,1.1779473,9.471462,,,,,,,
5420,,,,0.08628905,-0.1384886,0.029828314,,,,
5421,,,,,,,27.375,-50.875,-39.375,
5424,,,,0.1043991,-0.16831692,0.023436533,,,,
5428,0.36391866,1.1300632,9.490616,,,,,,,
5429,,,,0.1054644,-0.175774,0.017044751,,,,
5433,,,,0.091615535,-0.16085984,0.01384886,,,,
5439,0.39264908,1.091756,9.490616,,,,,,,
5439,,,,0.07137489,-0.1384886,0.007457078,,,,
5440,,,,,,,27.4375,-50.875,-39.3125,
5443,,,,0.054330144,-0.11292148,0.002130594,,,,
5449,0.45968673,1.1587936,9.461885,,,,,,,
5449,,,,0.044742472,-0.091615535,-0.001065297,,,,
5453,,,,0.035154797,-0.07883197,-0.001065297,,,,
5459,0.5746084,1.1683705,9.471462,,,,,,,
5459,,,,0.025567126,-0.063917816,0,,,,
5460,,,,,,,27.375,-51.0625,-39.375,
5463,,,,0.023436533,-0.04793836,0.007457078,,,,
5469,0.7278373,1.2449849,9.375694,,,,,,,
5469,,,,0.02130594,-0.03089361,0.01065297,,,,
5474,,,,0.023436533,-0.020240642,0.011718267,,,,
5479,0.8810662,1.4269443,9.270349,,,,,,,
5480,,,,0.019175345,-0.014914157,0.014914157,,,,
5481,,,,,,,27,-51.0625,-39.5,
5484,,,,-0.006391781,-0.01065297,0.014914157,,,,
5489,0.90021986,1.3215994,8.714894,,,,,,,
5489,,,,-0.07776668,0.005326485,0.011718267,,,,
5493,,,,-0.11824796,0.025567126,0.004261188,,,,
5499,0.89064306,1.2449849,9.270349,,,,,,,
5499,,,,-0.10652969,0.02450183,-0.009587673,,,,
5500,,,,,,,27.0625,-51.125,-39.5625,
5503,,,,-0.07137489,0.014914157,-0.023436533,,,,
5509,0.7086837,1.1683705,9.165004,,,,,,,
5509,,,,-0.04261188,-0.004261188,-0.02450183,,,,
5513,,,,-0.034089502,-0.028763017,-0.020240642,,,,
5519,0.7565677,1.1300632,9.222465,,,,,,,
5519,,,,-0.036220096,-0.043677174,-0.019175345,,,,
5520,,,,,,,27.125,-51.25,-39.5625,
5523,,,,-0.044742472,-0.05113425,-0.02769772,,,,
5529,0.7757214,1.2162545,9.375694,,,,,,,
5529,,,,-0.05646074,-0.046873067,-0.033024207,,,,
5533,,,,-0.068179004,-0.035154797,-0.03728539,,,,
5539,0.6607997,1.0821792,9.576807,,,,,,,
5539,,,,-0.07989727,-0.029828314,-0.034089502,,,,
5540,,,,,,,27.1875,-51,-39.8125,
5543,,,,-0.07883197,-0.020240642,-0.026632423,,,,
5548,0.51714754,1.1013328,9.768343,,,,,,,
5549,,,,-0.067113705,-0.01065297,-0.022371236,,,,
5553,,,,-0.054330144,-0.008522376,-0.011718267,,,,
5559,0.5746084,1.1492168,9.816227,,,,,,,
5559,,,,-0.040481284,-0.007457078,-0.001065297,,,,
5560,,,,,,,27.1875,-50.875,-39.875,
5563,,,,-0.023436533,-0.011718267,0.01065297,,,,
5569,0.59376204,1.2449849,9.816227,,,,,,,
5569,,,,-0.004261188,-0.018110048,0.018110048,,,,
5573,,,,0.006391781,-0.018110048,0.023436533,,,,
5579,0.4309563,1.13964,9.768343,,,,,,,
5579,,,,0.01384886,-0.017044751,0.040481284,,,,
5581,,,,,,,27,-50.625,-39.875,
5583,,,,0.023436533,-0.015979454,0.060721926,,,,
5588,0.25857377,1.0726024,9.615114,,,,,,,
5589,,,,0.033024207,-0.018110048,0.07776668,,,,
5594,,,,0.039415985,-0.026632423,0.09587672,,,,
5599,0.35434186,1.2066777,9.356541,,,,,,,
5599,,,,0.04261188,-0.035154797,0.10120321,,,,
5600,,,,,,,26.8125,-51,-40,
5603,,,,0.039415985,-0.033024207,0.10013791,,,,
5609,0.5554548,1.2737153,9.184157,,,,,,,
5609,,,,0.02450183,-0.022371236,0.08628905,,,,
5613,,,,0.004261188,-0.009587673,0.070309594,,,,
5619,0.5363012,1.3024458,9.097966,,,,,,,
5619,,,,-0.022371236,0,0.05539544,,,,
5621,,,,,,,26.8125,-51,-40,
5623,,,,-0.04154658,0.001065297,0.046873067,,,,
5628,0.46926352,1.1683705,9.260772,,,,,,,
5629,,,,-0.054330144,0.002130594,0.03835069,,,,
5633,,,,-0.06178722,0.015979454,0.035154797,,,,
5639,0.5363012,1.1013328,9.490616,,,,,,,
5639,,,,-0.0692443,0.040481284,0.039415985,,,,
5640,,,,,,,26.8125,-51,-39.9375,
199202506,,,,,,,,,,