0,,,,,,,,,,93
411,,,,0,0,0,,,,
416,-0.06703765,1.3215994,9.241618,,,,,,,
417,,,,0,0,0,,,,
417,,,,,,,32.375,-46.1875,-42.125,
421,,,,0,0,0,,,,
426,-0.06703765,1.4077905,9.088389,,,,,,,
426,,,,0,0,0,,,,
431,,,,0,0,0,,,,
436,-0.02873042,1.5993267,8.944737,,,,,,,
436,,,,0,0,0,,,,
437,,,,,,,36.125,-32.5,-41.75,
441,,,,-0.04793836,0.015979454,0.09374613,,,,
446,-0.038307227,1.5993267,9.11712,,,,,,,
447,,,,-0.2418224,-0.004261188,-0.002130594,,,,
451,,,,-0.25780186,-0.009587673,-0.017044751,,,,
456,0.02873042,1.5227122,9.289502,,,,,,,
457,,,,-0.2759119,-0.008522376,-0.033024207,,,,
457,,,,,,,40.1875,-18.375,-40.5625,
461,,,,-0.28976077,0.002130594,-0.045807768,,,,
466,0,1.4269443,9.528923,,,,,,,
466,,,,-0.30467492,0.014914157,-0.058591332,,,,
471,,,,-0.3163932,0.025567126,-0.06178722,,,,
476,-0.16280572,1.388637,9.825804,,,,,,,
477,,,,-0.31745848,0.035154797,-0.059656627,,,,
478,,,,,,,38.25,-24.875,-40.8125,
480,,,,-0.30467492,0.04154658,-0.053264845,,,,
487,-0.31603462,1.340753,9.988609,,,,,,,
488,,,,-0.2748466,0.05219955,-0.039415985,,,,
491,,,,-0.23223473,0.057526033,-0.018110048,,,,
497,-0.36391866,1.2354081,9.854534,,,,,,,
498,,,,-0.18749227,0.053264845,0.014914157,,,,
499,,,,,,,39.9375,-17.75,-40.0625,
501,,,,-0.15233746,0.045807768,0.050068956,,,,
505,-0.39264908,1.340753,9.797073,,,,,,,
506,,,,-0.12783563,0.033024207,0.08628905,,,,
510,,,,-0.113986775,0.026632423,0.116117366,,,,
516,-0.24899697,1.5897499,9.682152,,,,,,,
516,,,,-0.11079088,0.026632423,0.1384886,,,,
517,,,,,,,39.5,-17.3125,-39.6875,
521,,,,-0.120378554,0.026632423,0.14701098,,,,
525,-0.11492168,1.7908629,9.576807,,,,,,,
526,,,,-0.13316211,0.033024207,0.14381509,,,,
531,,,,-0.15659864,0.036220096,0.13209683,,,,
536,-0.11492168,1.9440918,9.720459,,,,,,,
536,,,,-0.17683929,0.035154797,0.11185618,,,,
537,,,,,,,39.1875,-16.9375,-39.8125,
540,,,,-0.18855755,0.028763017,0.09694202,,,,
546,-0.17238252,1.9249382,9.844957,,,,,,,
546,,,,-0.18216577,0.026632423,0.07989727,,,,
551,,,,-0.16512102,0.02130594,0.067113705,,,,
556,-0.22026655,1.8483237,9.883265,,,,,,,
556,,,,-0.14488038,0.01065297,0.05646074,,,,
557,,,,,,,38.5625,-20.875,-40.4375,
561,,,,-0.12677033,-0.004261188,0.04793836,,,,
566,-0.41180268,1.9153614,10.007763,,,,,,,
566,,,,-0.11292148,-0.02130594,0.044742472,,,,
570,,,,-0.10120321,-0.028763017,0.04261188,,,,
576,-0.45010993,1.7429788,10.199299,,,,,,,
576,,,,-0.094811425,-0.017044751,0.039415985,,,,
577,,,,,,,39.6875,-17.1875,-40.125,
581,,,,-0.09374613,0.002130594,0.03835069,,,,
586,-0.641646,1.7142484,10.400413,,,,,,,
586,,,,-0.09374613,0.034089502,0.04154658,,,,
590,,,,-0.09694202,0.07350549,0.057526033,,,,
597,-0.7278373,1.6663644,10.429143,,,,,,,
597,,,,,,,39.5,-16.9375,-40,
598,,,,-0.09055024,0.11185618,0.08202787,,,,
601,,,,-0.07244019,0.15553336,0.11505207,,,,
606,-0.6895301,1.7717092,10.218452,,,,,,,
606,,,,-0.04154658,0.19175345,0.14488038,,,,
611,,,,-0.007457078,0.22477765,0.17683929,,,,
617,-0.6799533,1.9632454,9.902418,,,,,,,
617,,,,,,,39.5,-16.875,-39.9375,
618,,,,0.02130594,0.2418224,0.19494934,,,,
621,,,,0.039415985,0.243953,0.2087982,,,,
625,-0.63206923,2.135628,9.5385,,,,,,,
626,,,,0.05219955,0.23330003,0.2109288,,,,
631,,,,0.05646074,0.2119941,0.2066676,,,,
636,-0.49799395,2.3175871,9.203311,,,,,,,
637,,,,0.053264845,0.19388404,0.19281875,,,,
638,,,,,,,39.3125,-16.9375,-39.8125,
640,,,,0.035154797,0.16618632,0.17151281,,,,
646,-0.4309563,2.3750482,9.11712,,,,,,,
646,,,,-0.002130594,0.12570503,0.1384886,,,,
651,,,,-0.054330144,0.08096257,0.1022685,,,,
656,-0.5554548,2.4133554,9.404425,,,,,,,
657,,,,-0.1054644,0.046873067,0.064983115,,,,
657,,,,,,,39.4375,-16.9375,-39.75,
660,,,,-0.14594568,0.02450183,0.025567126,,,,
666,-0.60333884,2.2888567,9.576807,,,,,,,
666,,,,-0.1736434,0.018110048,-0.006391781,,,,
671,,,,-0.19068815,0.028763017,-0.028763017,,,,
676,-0.7182605,2.1068976,9.682152,,,,,,,
677,,,,-0.19814523,0.054330144,-0.040481284,,,,
678,,,,,,,39.625,-16.9375,-39.4375,
681,,,,-0.21305938,0.08309316,-0.043677174,,,,
685,-0.842759,1.9536686,9.662998,,,,,,,
686,,,,-0.21945117,0.11079088,-0.033024207,,,,
692,,,,-0.22797355,0.13316211,-0.020240642,,,,
697,-0.82360536,1.8483237,9.548077,,,,,,,
697,,,,-0.23223473,0.15553336,-0.006391781,,,,
701,,,,-0.22797355,0.17896989,0.006391781,,,,
706,-0.7757214,1.7429788,9.500193,,,,,,,
706,,,,-0.22158176,0.19707993,0.018110048,,,,
711,,,,-0.2077329,0.2109288,0.031958908,,,,
716,-0.6512229,1.6567876,9.174581,,,,,,,
717,,,,-0.18429637,0.21518998,0.046873067,,,,
718,,,,,,,39.875,-16.875,-39.1875,
721,,,,-0.16192514,0.21945117,0.057526033,,,,
725,-0.51714754,1.5705963,8.8777,,,,,,,
726,,,,-0.14168449,0.2087982,0.068179004,,,,
731,,,,-0.11824796,0.19814523,0.07989727,,,,
736,-0.38307226,1.5227122,8.475474,,,,,,,
736,,,,-0.09374613,0.18003519,0.08522376,,,,
737,,,,,,,39.6875,-16.875,-39.0625,
741,,,,-0.07137489,0.15446806,0.09374613,,,,
746,-0.17238252,1.4748282,8.1881695,,,,,,,
746,,,,-0.054330144,0.13209683,0.09587672,,,,
751,,,,-0.039415985,0.10759499,0.10013791,,,,
756,0.009576807,1.3694834,8.149862,,,,,,,
756,,,,-0.034089502,0.09587672,0.1022685,,,,
757,,,,,,,40,-16.9375,-39,
760,,,,-0.026632423,0.09374613,0.1033338,,,,
766,0.15322891,1.3215994,8.24563,,,,,,,
766,,,,-0.023436533,0.10866029,0.10972559,,,,
771,,,,-0.022371236,0.13635801,0.11292148,,,,
777,0.1340753,1.3215994,8.504205,,,,,,,
777,,,,,,,40.0625,-16.75,-38.875,
778,,,,-0.02450183,0.175774,0.11824796,,,,
781,,,,-0.031958908,0.22158176,0.122509144,,,,
786,0.05746084,1.436521,8.619126,,,,,,,
787,,,,-0.029828314,0.27058542,0.13103153,,,,
791,,,,-0.02450183,0.31532788,0.14061919,,,,
796,-0.08619126,1.4269443,8.90643,,,,,,,
797,,,,,,,40.3125,-16.75,-39.0625,
798,,,,0.006391781,0.3472868,0.15446806,,,,
801,,,,0.060721926,0.37604982,0.16938221,,,,
806,-0.23942018,1.3215994,8.983045,,,,,,,
806,,,,0.14061919,0.39309457,0.18855755,,,,
811,,,,0.24608359,0.40481284,0.21732058,,,,
816,-0.36391866,1.292869,8.963891,,,,,,,
817,,,,0.3494174,0.42079228,0.24927948,,,,
818,,,,,,,40.25,-16.6875,-38.9375,
821,,,,0.43251055,0.42718408,0.28123838,,,,
826,-0.51714754,1.4460979,8.963891,,,,,,,
827,,,,0.48151422,0.42931467,0.3078708,,,,
828,,,,,,,,,,54
831,,,,0.4889713,0.42292288,0.32491556,,,,
837,-0.89064306,1.7429788,9.222465,,,,,,,
837,,,,,,,40.4375,-16.625,-39.25,
838,,,,0.46020827,0.4175964,0.33663383,,,,
841,,,,0.40800872,0.40800872,0.34089503,,,,
846,-1.1204864,1.9632454,9.701305,,,,,,,
847,,,,0.3483521,0.3898987,0.3440909,,,,
851,,,,0.2791078,0.3483521,0.3419603,,,,
857,-1.6759412,1.982399,10.524911,,,,,,,
858,,,,,,,40.4375,-16.625,-39.0625,
858,,,,0.22690825,0.2748466,0.3440909,,,,
861,,,,0.20027582,0.15659864,0.3504827,,,,
866,-2.1739352,1.8579005,11.836933,,,,,,,
866,,,,0.21412468,-0.01065297,0.36646214,,,,
871,,,,0.2769772,-0.19921052,0.3920293,,,,
877,-2.078167,1.7429788,13.053187,,,,,,,
877,,,,0.3813763,-0.3781804,0.43783703,,,,
881,,,,0.50388545,-0.527322,0.50068957,,,,
886,-1.6950948,1.6376339,13.570335,,,,,,,
886,,,,0.6189375,-0.6285252,0.57739097,,,,
891,,,,0.7009654,-0.6913777,0.6594188,,,,
896,-1.484405,2.078167,13.283031,,,,,,,
897,,,,,,,40.8125,-16.75,-38.875,
898,,,,0.7297284,-0.7169448,0.7286631,,,,
901,,,,0.6903124,-0.7307937,0.77447087,,,,
905,-1.4652514,2.825158,12.698846,,,,,,,
906,,,,0.5827174,-0.75209963,0.7840586,,,,
911,,,,0.41653112,-0.78192794,0.7627526,,,,
917,-1.1204864,3.2273839,12.430696,,,,,,,
917,,,,0.20027582,-0.8309316,0.703096,,,,
919,,,,,,,40.625,-16.8125,-38.8125,
921,,,,-0.050068956,-0.88739234,0.60402334,,,,
926,-0.62249243,3.1603463,12.698846,,,,,,,
927,,,,-0.33663383,-0.9523755,0.46979594,,,,
931,,,,-0.6455699,-1.0184239,0.31106672,,,,
937,0.08619126,2.5761611,13.761871,,,,,,,
938,,,,,,,40.625,-17.0625,-38.8125,
939,,,,-0.9715508,-1.0738193,0.13209683,,,,
941,,,,-1.277291,-1.0961906,-0.06178722,,,,
946,0.50757074,1.5897499,15.409082,,,,,,,
947,,,,-1.5308317,-1.0748847,-0.25460598,,,,
951,,,,-1.7012792,-0.99711794,-0.43037996,,,,
956,0.095768064,0.59376204,16.711529,,,,,,,
957,,,,-1.7854377,-0.88845766,-0.574195,,,,
958,,,,,,,40.25,-17.0625,-38.8125,
961,,,,-1.786503,-0.7648832,-0.6839206,,,,
966,-0.8331822,-0.18195933,17.314867,,,,,,,
967,,,,-1.7023445,-0.60828453,-0.74996907,,,,
971,,,,-1.553203,-0.42824936,-0.7627526,,,,
976,-1.436521,-0.7661445,16.558298,,,,,,,
977,,,,,,,40.125,-17.25,-39,
978,,,,-1.3497312,-0.21625528,-0.71907544,,,,
981,,,,-1.1217576,-0.007457078,-0.63065577,,,,
986,-1.6567876,-0.92895025,14.633361,,,,,,,
986,,,,-0.89165354,0.18429637,-0.50495076,,,,
991,,,,-0.6913777,0.33024204,-0.3792457,,,,
997,-1.5131354,-0.5554548,12.306197,,,,,,,
997,,,,,,,39.75,-17,-39.1875,
998,,,,-0.5262567,0.41653112,-0.27271602,,,,
1001,,,,-0.39629045,0.44422883,-0.20134112,,,,
1006,-1.091756,-0.08619126,9.959879,,,,,,,
1006,,,,-0.29615256,0.41440052,-0.17151281,,,,
1011,,,,-0.22477765,0.33130735,-0.17790459,,,,
1017,-0.46926352,0.30645782,8.025364,,,,,,,
1017,,,,-0.1747087,0.19175345,-0.21945117,,,,
1019,,,,,,,,,,50
1021,,,,-0.14488038,0.006391781,-0.29615256,,,,
1026,0.05746084,0.40222588,7.1251445,,,,,,,
1026,,,,-0.122509144,-0.20134112,-0.39096397,,,,
1031,,,,-0.10759499,-0.40481284,-0.4889713,,,,
1036,0.40222588,0.16280572,7.153875,,,,,,,
1037,,,,,,,38.4375,-16.1875,-39.4375,
1037,,,,-0.089484945,-0.5614115,-0.57099915,,,,
1043,,,,-0.067113705,-0.6594188,-0.63065577,,,,
1046,0.7469909,-0.33518824,7.699753,,,,,,,
1046,,,,-0.031958908,-0.703096,-0.64876586,,,,
1051,,,,0.019175345,-0.70629185,-0.63917816,,,,
1056,1.13964,-0.79487497,8.408437,,,,,,,
1057,,,,0.08522376,-0.67326766,-0.60934985,,,,
1058,,,,,,,38.0625,-15.625,-39.625,
1061,,,,0.16725162,-0.57206446,-0.57632565,,,,
1066,1.532289,-1.0630256,8.695741,,,,,,,
1066,,,,0.25141007,-0.3813763,-0.54223615,,,,
1071,,,,0.33130735,-0.11824796,-0.50814664,,,,
1076,1.4269443,-0.9576807,8.1402855,,,,,,,
1077,,,,0.3856375,0.20027582,-0.47938362,,,,
1081,,,,0.3898987,0.527322,-0.46660006,,,,
1086,0.90979666,-0.91937345,7.335834,,,,,,,
1086,,,,0.34089503,0.7936462,-0.47192654,,,,
1091,,,,0.24821419,0.9832691,-0.4868407,,,,
1096,0.36391866,-0.9576807,7.0581064,,,,,,,
1097,,,,0.13635801,1.1057782,-0.49642837,,,,
1098,,,,,,,37.125,-14.3125,-39.6875,
1101,,,,0.028763017,1.1505207,-0.49962425,,,,
1106,-0.02873042,-1.0821792,7.7093296,,,,,,,
1106,,,,-0.057526033,1.0897988,-0.49749365,,,,
1111,,,,-0.09055024,0.91828597,-0.49962425,,,,
1116,-0.2777274,-1.043872,8.887277,,,,,,,
1117,,,,-0.05646074,0.6498311,-0.506016,,,,
1118,,,,,,,36.75,-13.9375,-39.625,
1121,,,,0.04261188,0.32385027,-0.5241261,,,,
1125,-0.16280572,-0.9959879,10.247183,,,,,,,
1126,,,,0.18855755,-0.026632423,-0.5518238,,,,
1131,,,,0.35793978,-0.351548,-0.58378273,,,,
1136,0.11492168,-1.2066777,11.501745,,,,,,,
1137,,,,0.5113425,-0.6114804,-0.6157416,,,,
1138,,,,,,,36.3125,-13.3125,-39.625,
1140,,,,0.6274599,-0.78618914,-0.63491696,,,,
1146,0.51714754,-1.3215994,12.53604,,,,,,,
1146,,,,0.692443,-0.8692823,-0.63491696,,,,
1151,,,,0.70948774,-0.85117227,-0.6200028,,,,
1157,0.8714894,-1.6759412,12.823344,,,,,,,
1158,,,,0.67752886,-0.73931605,-0.60082746,,,,
1159,,,,,,,36,-12.9375,-39.5625,
1161,,,,0.60828453,-0.54223615,-0.5688686,,,,
1166,1.0821792,-1.8674773,12.717999,,,,,,,
1167,,,,0.5145384,-0.27271602,-0.5241261,,,,
1171,,,,0.4154658,0.036220096,-0.45914298,,,,
1176,0.94810385,-1.6950948,11.779472,,,,,,,
1176,,,,0.30680552,0.3419603,-0.3824416,,,,
1177,,,,,,,35.875,-12.9375,-39.5625,
1181,,,,0.20240642,0.5891092,-0.30041373,,,,
1186,0.5267244,-1.283292,10.668563,,,,,,,
1187,,,,0.092680834,0.7648832,-0.22797355,,,,
1191,,,,-0.005326485,0.8660864,-0.1736434,,,,
1196,0.40222588,-0.7374141,9.605537,,,,,,,
1197,,,,-0.089484945,0.89591473,-0.14168449,,,,
1198,,,,,,,35.8125,-12.9375,-40,
1201,,,,-0.16725162,0.84904164,-0.12570503,,,,
1206,0.34476504,-0.15322891,8.820239,,,,,,,
1206,,,,-0.23436533,0.73185897,-0.1374233,,,,
1210,,,,-0.29189137,0.5688686,-0.1725781,,,,
1211,,,,,,,,,,38
1216,0.22026655,0.2681506,8.571242,,,,,,,
1217,,,,-0.3472868,0.37285393,-0.22690825,,,,
1218,,,,,,,35.6875,-13.125,-40.0625,
1221,,,,-0.40694344,0.15979454,-0.2823037,,,,
1225,0.11492168,0.5363012,8.810662,,,,,,,
1226,,,,-0.47299185,-0.053264845,-0.3451562,,,,
1231,,,,-0.54330146,-0.23010413,-0.3898987,,,,
1237,0.22984336,0.45968673,9.404425,,,,,,,
1238,,,,,,,35.5625,-13.25,-40.0625,
1238,,,,-0.6114804,-0.35900506,-0.41440052,,,,
1241,,,,-0.6615494,-0.4474247,-0.4175964,,,,
1246,0.32561144,0.45968673,10.04607,,,,,,,
1246,,,,-0.6967042,-0.4857754,-0.40800872,,,,
1251,,,,-0.721206,-0.47831833,-0.3877681,,,,
1257,0.6703765,0.33518824,10.381259,,,,,,,
1257,,,,,,,35.625,-13.125,-40.125,
1258,,,,-0.7371855,-0.42505348,-0.35900506,,,,
1261,,,,-0.74464256,-0.33556855,-0.32811147,,,,
1266,1.0151415,0.24899697,10.084377,,,,,,,
1266,,,,-0.74890375,-0.2119941,-0.29189137,,,,
1271,,,,-0.7584914,-0.07457078,-0.26206306,,,,
1276,1.0055647,0.35434186,9.260772,,,,,,,
1276,,,,-0.76168734,0.068179004,-0.2428877,,,,
1277,,,,,,,35.6875,-13.0625,-40.1875,
1281,,,,-0.760622,0.19707993,-0.23010413,,,,
1286,0.47884035,0.48841715,8.169016,,,,,,,
1286,,,,-0.760622,0.29508725,-0.23010413,,,,
1291,,,,-0.7638179,0.3472868,-0.2428877,,,,
1296,-0.12449849,0.641646,7.1251445,,,,,,,
1297,,,,-0.7766015,0.36326626,-0.26099774,,,,
1298,,,,,,,35.8125,-12.75,-40.375,
1301,,,,-0.7840586,0.34089503,-0.28763017,,,,
1306,-0.7661445,0.7661445,6.14831,,,,,,,
1307,,,,-0.789385,0.2759119,-0.3100014,,,,
1311,,,,-0.7925809,0.1725781,-0.3206544,,,,
1316,-1.3599066,0.8714894,5.535394,,,,,,,
1317,,,,-0.7979074,0.02769772,-0.32278496,,,,
1318,,,,,,,35.875,-12.375,-40.3125,
1321,,,,-0.81708276,-0.13422741,-0.3163932,,,,
1326,-1.7046716,0.94810385,5.497087,,,,,,,
1326,,,,-0.8351928,-0.29402196,-0.29508725,,,,
1331,,,,-0.85543346,-0.4239882,-0.26952013,,,,
1336,-1.8195933,0.82360536,5.8322754,,,,,,,
1337,,,,,,,35.8125,-11.625,-40.25,
1338,,,,-0.8618252,-0.52093023,-0.23116943,,,,
1341,,,,-0.85436815,-0.5827174,-0.18110047,,,,
1346,-1.8579005,0.6991069,6.349423,,,,,,,
1346,,,,-0.8224092,-0.6231987,-0.12463974,,,,
1351,,,,-0.7595567,-0.64450467,-0.059656627,,,,
1357,-1.7525556,0.5267244,7.1059904,,,,,,,
1357,,,,-0.67646354,-0.64450467,0.009587673,,,,
1359,,,,,,,35.625,-10.9375,-40.0625,
1361,,,,-0.57952154,-0.6285252,0.07989727,,,,
1366,-1.484405,0.38307226,7.7189064,,,,,,,
1367,,,,-0.47725302,-0.595501,0.15553336,,,,
1371,,,,-0.3898987,-0.5347791,0.22690825,,,,
1377,-1.3311762,0.33518824,8.647857,,,,,,,
1377,,,,-0.32598087,-0.4559471,0.28869548,,,,
1382,,,,-0.2769772,-0.35367858,0.33769912,,,,
1387,-1.1875241,0.4309563,9.548077,,,,,,,
1387,,,,-0.21305938,-0.21412468,0.37285393,,,,
1391,,,,-0.1374233,-0.033024207,0.40374753,,,,
1397,-1.292869,0.33518824,10.170568,,,,,,,
1398,,,,,,,35.125,-9.625,-40.125,
1399,,,,-0.045807768,0.16085984,0.43357584,,,,
1402,,,,0.06285252,0.33876443,0.46873066,,,,
1403,,,,,,,,,,26
1406,-1.6950948,0.4213795,9.988609,,,,,,,
1407,,,,0.19707993,0.487906,0.5177343,,,,
1416,,,,0.36220095,0.5976316,0.58058685,,,,
1418,-1.9536686,0.41180268,9.471462,,,,,,,
1420,,,,,,,34.6875,-9,-40.1875,
1421,,,,0.7041613,0.6881818,0.7244019,,,,
1422,,,,0.7041613,0.6881818,0.7244019,,,,
1427,-2.135628,0.5554548,8.973468,,,,,,,
1429,,,,0.84158456,0.6785942,0.7968421,,,,
1433,,,,0.9332001,0.64237404,0.85756403,,,,
1437,-2.0973208,0.8523358,9.088389,,,,,,,
1438,,,,,,,34.5625,-8.5,-40.25,
1438,,,,0.9832691,0.5784562,0.9097636,,,,
1441,,,,1.0088362,0.50495076,0.9481143,,,,
1446,-1.9249382,1.1204864,9.423578,,,,,,,
1446,,,,1.0322727,0.43996763,0.9822038,,,,
1451,,,,1.0738193,0.3856375,1.015228,,,,
1456,-1.733402,1.1300632,9.80665,,,,,,,
1457,,,,1.1206924,0.33237264,1.0429257,,,,
1458,,,,,,,34.3125,-8.4375,-40.1875,
1461,,,,1.1505207,0.25460598,1.0599705,,,,
1466,-1.532289,1.2545617,10.352529,,,,,,,
1466,,,,1.1686307,0.14488038,1.0674275,,,,
1471,,,,1.1824796,0.040481284,1.062101,,,,
1476,-1.3311762,1.7812861,11.147403,,,,,,,
1477,,,,,,,34.375,-8.5,-40.125,
1477,,,,1.2048508,-0.060721926,1.0407951,,,,
1481,,,,1.2368097,-0.14914156,0.9949873,,,,
1486,-1.2641385,2.2505496,12.172121,,,,,,,
1486,,,,1.2783563,-0.2109288,0.92680836,,,,
1491,,,,1.3135111,-0.23436533,0.84158456,,,,
1497,-1.091756,2.27928,12.689269,,,,,,,
1497,,,,1.3476006,-0.21945117,0.7542302,,,,
1498,,,,,,,34.5625,-9,-40.25,
1501,,,,1.3657106,-0.15979454,0.6711371,,,,
1506,-0.82360536,1.5514427,12.5743475,,,,,,,
1507,,,,1.348666,-0.1022685,0.60615396,,,,
1511,,,,1.2890093,-0.05539544,0.56247675,,,,
1516,-0.59376204,1.1300632,12.210428,,,,,,,
1516,,,,1.1941979,-0.040481284,0.5262567,,,,
1517,,,,,,,34.75,-9.5,-40.5,
1521,,,,1.0823417,-0.044742472,0.487906,,,,
1526,-0.60333884,1.13964,11.923124,,,,,,,
1527,,,,0.9619631,-0.06604841,0.43783703,,,,
1531,,,,0.84904164,-0.120378554,0.3771151,,,,
1536,-0.61291564,1.0247183,11.865664,,,,,,,
1537,,,,0.7265325,-0.21412468,0.30254433,,,,
1538,,,,,,,34.8125,-10.1875,-40.75,
1541,,,,0.59656626,-0.33024204,0.21732058,,,,
1546,-0.4309563,0.641646,11.903971,,,,,,,
1546,,,,0.46020827,-0.46020827,0.12463974,,,,
1551,,,,0.30254433,-0.5933704,0.033024207,,,,
1556,-0.1340753,0.05746084,12.516887,,,,,,,
1557,,,,0.13316211,-0.71055305,-0.06178722,,,,
1557,,,,,,,34.9375,-10.8125,-40.875,
1561,,,,-0.04900366,-0.8053645,-0.15233746,,,,
1566,0.076614454,-0.58418524,13.522451,,,,,,,
1566,,,,-0.22797355,-0.8767394,-0.23436533,,,,
1571,,,,-0.3792457,-0.9065677,-0.30893612,,,,
1577,0.15322891,-1.091756,14.317327,,,,,,,
1577,,,,,,,35.0625,-11.75,-41.125,
1578,,,,-0.49749365,-0.88952297,-0.37072334,,,,
1581,,,,-0.56673795,-0.8298663,-0.4154658,,,,
1586,0.05746084,-1.6759412,14.595054,,,,,,,
1586,,,,-0.5880439,-0.7382508,-0.43890235,,,,
1591,,,,-0.5656727,-0.6274599,-0.4495553,,,,
1596,0.05746084,-2.0973208,14.020445,,,,,,,
1597,,,,-0.51240784,-0.5102772,-0.43996763,,,,
1597,,,,,,,34.75,-12.1875,-41.1875,
1600,,,,-0.4431635,-0.39096397,-0.40374753,,,,
1606,0.009576807,-2.4133554,12.765883,,,,,,,
1606,,,,-0.37285393,-0.2801731,-0.3483521,,,,
1611,,,,-0.32704616,-0.18003519,-0.28549957,,,,
1616,-0.08619126,-2.384625,11.166556,,,,,,,
1616,,,,-0.3057402,-0.09907261,-0.22584295,,,,
1617,,,,,,,34.5,-12.625,-41.25,
1621,,,,-0.312132,-0.043677174,-0.1747087,,,,
1626,-0.038307227,-2.1547816,9.682152,,,,,,,
1626,,,,-0.33130735,-0.020240642,-0.1395539,,,,
1631,,,,-0.3494174,-0.014914157,-0.116117366,,,,
1636,0.02873042,-1.7908629,8.437167,,,,,,,
1636,,,,-0.36326626,-0.044742472,-0.11079088,,,,
1637,,,,,,,34.0625,-13,-41.375,
1641,,,,-0.36646214,-0.08628905,-0.116117366,,,,
1646,0.038307227,-1.5801731,7.565677,,,,,,,
1646,,,,-0.36646214,-0.1395539,-0.12783563,,,,
1650,,,,-0.36859274,-0.19707993,-0.14061919,,,,
1657,0.02873042,-1.5801731,6.981492,,,,,,,
1657,,,,-0.37072334,-0.24714889,-0.14594568,,,,
1658,,,,,,,,,,29
1658,,,,,,,33.25,-13.1875,-41.625,
1661,,,,-0.37604982,-0.29402196,-0.14488038,,,,
1665,-0.02873042,-1.6663644,6.7229185,,,,,,,
1666,,,,-0.37072334,-0.33769912,-0.13103153,,,,
1671,,,,-0.36326626,-0.36539686,-0.10759499,,,,
1677,0.11492168,-1.7046716,6.7133417,,,,,,,
1678,,,,,,,32.8125,-13.1875,-41.5625,
1678,,,,-0.3451562,-0.3845722,-0.08415846,,,,
1681,,,,-0.3206544,-0.3920293,-0.058591332,,,,
1686,0.35434186,-1.7142484,7.1347213,,,,,,,
1686,,,,-0.29828313,-0.40374753,-0.033024207,,,,
1691,,,,-0.2780425,-0.41440052,-0.012783563,,,,
1696,0.30645782,-1.6280571,7.8050976,,,,,,,
1697,,,,-0.25886714,-0.42931467,0.008522376,,,,
1697,,,,,,,32.25,-12.9375,-41.5625,
1701,,,,-0.21945117,-0.42824936,0.031958908,,,,
1706,0.48841715,-1.4173675,8.494628,,,,,,,
1706,,,,-0.15659864,-0.40800872,0.05646074,,,,
1711,,,,-0.058591332,-0.37391922,0.07989727,,,,
1716,0.80445176,-1.3120226,8.791509,,,,,,,
1717,,,,0.064983115,-0.33450323,0.1033338,,,,
1718,,,,,,,31.6875,-12.625,-41.5,
1721,,,,0.2077329,-0.2823037,0.12677033,,,,
1726,1.1300632,-1.1013328,8.801085,,,,,,,
1726,,,,0.35687447,-0.22797355,0.14701098,,,,
1731,,,,0.50495076,-0.1725781,0.15020686,,,,
1736,1.3982137,-0.7469909,8.542512,,,,,,,
1737,,,,0.6359823,-0.11505207,0.14061919,,,,
1738,,,,,,,31.125,-12.125,-41.4375,
1741,,,,0.7467731,-0.067113705,0.11824796,,,,
1746,1.5993267,-0.641646,8.532935,,,,,,,
1747,,,,0.82027864,-0.02130594,0.07457078,,,,
1750,,,,0.85756403,0.020240642,0.020240642,,,,
1756,1.6376339,-0.62249243,8.66701,,,,,,,
1757,,,,0.8810006,0.064983115,-0.03089361,,,,
1757,,,,,,,30.8125,-11.9375,-41.4375,
1761,,,,0.8980453,0.117182665,-0.07883197,,,,
1766,1.6376339,-0.59376204,8.734048,,,,,,,
1766,,,,0.936396,0.18216577,-0.10972559,,,,
1771,,,,0.986465,0.2428877,-0.12996623,,,,
1777,1.6472107,-0.51714754,8.580819,,,,,,,
1778,,,,,,,30.5625,-11.875,-41.625,
1779,,,,1.0418605,0.30041373,-0.14381509,,,,
1781,,,,1.0844723,0.3462215,-0.15340276,,,,
1786,1.6089035,-0.47884035,8.082825,,,,,,,
1786,,,,1.1025823,0.40161693,-0.16299044,,,,
1791,,,,1.0759499,0.43996763,-0.17896989,,,,
1797,1.4077905,-0.41180268,7.843405,,,,,,,
1797,,,,1.0109668,0.47192654,-0.19707993,,,,
1798,,,,,,,30.3125,-11.8125,-41.8125,
1801,,,,0.91295946,0.49003658,-0.22477765,,,,
1806,1.0630256,-0.22026655,7.97748,,,,,,,
1807,,,,0.789385,0.49216717,-0.25886714,,,,
1811,,,,0.6583535,0.4847101,-0.29295665,,,,
1816,0.6799533,0.21068975,8.437167,,,,,,,
1817,,,,0.54223615,0.46020827,-0.33130735,,,,
1818,,,,,,,30.4375,-12,-41.75,
1821,,,,0.4474247,0.43677175,-0.3771151,,,,
1826,0.4213795,0.5363012,8.983045,,,,,,,
1827,,,,0.3824416,0.41653112,-0.42611876,,,,
1831,,,,0.33130735,0.37604982,-0.47618774,,,,
1836,0.24899697,0.49799395,9.394848,,,,,,,
1836,,,,0.2791078,0.312132,-0.5230608,,,,
1837,,,,,,,30.3125,-12.25,-41.8125,
1841,,,,0.22158176,0.22690825,-0.57099915,,,,
1846,0.2777274,0.31603462,9.730036,,,,,,,
1846,,,,0.16725162,0.13316211,-0.60934985,,,,
1851,,,,0.11292148,0.04154658,-0.63917816,,,,
1856,0.49799395,-0.047884032,9.959879,,,,,,,
1857,,,,0.059656627,-0.043677174,-0.6615494,,,,
1857,,,,,,,30.375,-12.625,-41.75,
1861,,,,0.005326485,-0.117182665,-0.68072474,,,,
1866,0.80445176,-0.2777274,10.151415,,,,,,,
1866,,,,-0.06178722,-0.18642697,-0.7041613,,,,
1871,,,,-0.15127216,-0.2428877,-0.7286631,,,,
1876,1.13964,-0.5650316,10.534488,,,,,,,
1877,,,,,,,30.625,-13.1875,-41.875,
1878,,,,-0.27058542,-0.30147904,-0.7638179,,,,
1881,,,,-0.4112046,-0.351548,-0.800038,,,,
1886,1.1109096,-0.7469909,11.21444,,,,,,,
1886,,,,-0.5656727,-0.3824416,-0.83732337,,,,
1891,,,,-0.7169448,-0.37285393,-0.8671517,,,,
1897,0.90979666,-0.92895025,11.865664,,,,,,,
1897,,,,,,,31,-13.625,-41.875,
1898,,,,-0.84478045,-0.33343795,-0.886327,,,,
1901,,,,-0.9321348,-0.25460598,-0.88952297,,,,
1906,0.6703765,-1.1492168,12.133814,,,,,,,
1906,,,,-0.9694202,-0.16192514,-0.8778047,,,,
1911,,,,-0.95557135,-0.060721926,-0.8479764,,,,
1912,,,,,,,,,,24
1916,0.545878,-1.2258313,11.827356,,,,,,,
1917,,,,-0.9033718,0.059656627,-0.79471153,,,,
1918,,,,,,,31.125,-14.125,-42,
1921,,,,-0.82560515,0.2066676,-0.7265325,,,,
1926,0.2777274,-0.90979666,11.013328,,,,,,,
1927,,,,-0.73931605,0.36752746,-0.63811284,,,,
1931,,,,-0.65622294,0.527322,-0.53264844,,,,
1936,-0.08619126,-0.4405331,9.653421,,,,,,,
1936,,,,-0.574195,0.68072474,-0.419727,,,,
1937,,,,,,,31.0625,-14.1875,-42,
1941,,,,-0.4847101,0.81708276,-0.3078708,,,,
1946,-0.2873042,0.21068975,8.178593,,,,,,,
1946,,,,-0.39309457,0.9278736,-0.20240642,,,,
1951,,,,-0.29082605,1.0130974,-0.1054644,,,,
1957,-0.31603462,0.8714894,6.655881,,,,,,,
1957,,,,-0.17896989,1.072754,-0.02130594,,,,
1958,,,,,,,30.9375,-14.125,-41.75,
1961,,,,-0.07137489,1.104713,0.053264845,,,,
1966,-0.2681506,1.4173675,5.0374002,,,,,,,
1967,,,,0.02769772,1.1111047,0.116117366,,,,
1971,,,,0.09800732,1.0738193,0.15979454,,,,
1976,-0.12449849,1.8962077,3.7253778,,,,,,,
1977,,,,0.1395539,0.99392205,0.18855755,,,,
1978,,,,,,,30.875,-13.9375,-41.625,
1981,,,,0.14701098,0.8810006,0.19494934,,,,
1986,-0.08619126,2.384625,3.0550013,,,,,,,
1986,,,,0.12890093,0.7350549,0.18642697,,,,
1991,,,,0.09055024,0.57632565,0.16831692,,,,
1997,-0.08619126,2.7102363,3.016694,,,,,,,
1997,,,,0.04900366,0.41653112,0.14168449,,,,
1998,,,,,,,31,-13.6875,-41.5,
2001,,,,0.01065297,0.26312834,0.10759499,,,,
2006,-0.05746084,2.6527755,3.6870706,,,,,,,
2006,,,,-0.020240642,0.113986775,0.07244019,,,,
2011,,,,-0.033024207,-0.026632423,0.04900366,,,,
2017,-0.16280572,2.6144683,4.711789,,,,,,,
2017,,,,-0.02130594,-0.14701098,0.03089361,,,,
2018,,,,,,,31.25,-13.3125,-41.3125,
2021,,,,0.015979454,-0.23649593,0.029828314,,,,
2026,-0.19153613,2.4612393,5.746084,,,,,,,
2026,,,,0.06285252,-0.29721785,0.04154658,,,,
2031,,,,0.11185618,-0.34089503,0.059656627,,,,
2037,-0.20111294,2.480393,6.6750345,,,,,,,
2037,,,,,,,31.3125,-12.9375,-41.1875,
2037,,,,0.15127216,-0.36539686,0.070309594,,,,
2041,,,,0.18003519,-0.37072334,0.07563608,,,,
2046,-0.038307227,2.5953147,7.699753,,,,,,,
2047,,,,0.20347172,-0.36113566,0.07350549,,,,
2052,,,,0.23116943,-0.35367858,0.064983115,,,,
2056,0.038307227,2.6527755,8.542512,,,,,,,
2057,,,,0.26312834,-0.3462215,0.05113425,,,,
2058,,,,,,,31.5,-12.75,-41.1875,
2061,,,,0.30467492,-0.3398297,0.02130594,,,,
2066,0.11492168,2.528277,9.414001,,,,,,,
2066,,,,0.351548,-0.3419603,-0.019175345,,,,
2071,,,,0.39735577,-0.36113566,-0.060721926,,,,
2077,-0.05746084,2.4133554,10.065224,,,,,,,
2077,,,,,,,31.625,-12.375,-41,
2078,,,,0.4452941,-0.39842105,-0.1043991,,,,
2081,,,,0.49003658,-0.44103295,-0.14488038,,,,
2086,-0.2777274,2.0685902,10.524911,,,,,,,
2087,,,,0.54330146,-0.48151422,-0.17683929,,,,
2091,,,,0.5933704,-0.5113425,-0.19814523,,,,
2096,-0.46926352,1.7142484,10.67814,,,,,,,
2097,,,,0.63065577,-0.52519137,-0.2056023,,,,
2098,,,,,,,31.8125,-12.5,-40.875,
2101,,,,0.65089643,-0.5198649,-0.20027582,,,,
2103,,,,,,,,,,22
2106,-0.5267244,1.5801731,10.668563,,,,,,,
2106,,,,0.653027,-0.4911019,-0.18749227,,,,
2111,,,,0.6317211,-0.43357584,-0.1725781,,,,
2116,-0.48841715,1.4460979,10.46745,,,,,,,
2117,,,,0.58058685,-0.351548,-0.15446806,,,,
2118,,,,,,,31.8125,-12.9375,-40.9375,
2121,,,,0.50708133,-0.25247538,-0.14488038,,,,
2126,-0.39264908,1.292869,10.247183,,,,,,,
2126,,,,0.4154658,-0.14381509,-0.1395539,,,,
2131,,,,0.31106672,-0.011718267,-0.14381509,,,,
2137,-0.36391866,1.2258313,9.911995,,,,,,,
2137,,,,0.204537,0.11505207,-0.15340276,,,,
2138,,,,,,,31.875,-13.1875,-40.75,
2141,,,,0.1033338,0.2418224,-0.16405573,,,,
2146,-0.48841715,1.1300632,9.691729,,,,,,,
2147,,,,0.007457078,0.3504827,-0.18323107,,,,
2151,,,,-0.07137489,0.43783703,-0.19494934,,,,
2156,-0.6512229,0.9864111,9.5385,,,,,,,
2157,,,,-0.13635801,0.49749365,-0.21412468,,,,
2158,,,,,,,31.8125,-13.5625,-40.875,
2161,,,,-0.18962285,0.5347791,-0.23223473,,,,
2166,-0.90979666,0.9576807,9.576807,,,,,,,
2166,,,,-0.23223473,0.54223615,-0.25673655,,,,
2171,,,,-0.25780186,0.5241261,-0.2801731,,,,
2176,-1.2449849,0.8331822,9.844957,,,,,,,
2177,,,,-0.27058542,0.49216717,-0.30680552,,,,
2178,,,,,,,31.5,-14,-41.1875,
2181,,,,-0.25993246,0.4527512,-0.3185238,,,,
2186,-1.6759412,0.8619126,10.160992,,,,,,,
2186,,,,-0.22477765,0.4154658,-0.31958908,,,,
2191,,,,-0.15872924,0.40481284,-0.29828313,,,,
2197,-1.9919758,0.8523358,10.170568,,,,,,,
2198,,,,,,,31.1875,-14.1875,-41.1875,
2199,,,,-0.07350549,0.41866168,-0.25141007,,,,
2201,,,,0.01065297,0.43890235,-0.17896989,,,,
2206,-2.3463178,0.8523358,9.854534,,,,,,,
2207,,,,0.07563608,0.46446946,-0.08628905,,,,
2211,,,,0.120378554,0.4911019,0.019175345,,,,
2218,-2.3558946,0.94810385,9.56723,,,,,,,
2219,,,,,,,31.1875,-14.25,-41.375,
2220,,,,0.15127216,0.527322,0.21732058,,,,
2222,,,,0.15127216,0.527322,0.21732058,,,,
2226,-2.2122424,1.1300632,9.471462,,,,,,,
2227,,,,0.14701098,0.5187996,0.29082605,,,,
2231,,,,0.1374233,0.4868407,0.3440909,,,,
2237,-2.1547816,1.3599066,9.461885,,,,,,,
2238,,,,,,,31.125,-14.3125,-41.25,
2238,,,,0.13103153,0.43251055,0.3792457,,,,
2241,,,,0.12996623,0.33769912,0.39096397,,,,
2246,-2.2888567,1.436521,9.758766,,,,,,,
2248,,,,0.13635801,0.2056023,0.3856375,,,,
2251,,,,0.14168449,0.028763017,0.36433154,,,,
2257,-2.4037786,1.3120226,10.46745,,,,,,,
2258,,,,,,,31.1875,-14.375,-41.3125,
2258,,,,0.15553336,-0.15872924,0.33237264,,,,
2261,,,,0.1725781,-0.33237264,0.30147904,,,,
2266,-2.4133554,1.043872,11.415554,,,,,,,
2267,,,,0.19068815,-0.46766534,0.2737813,,,,
2271,,,,0.2109288,-0.556085,0.26206306,,,,
2276,-2.6048915,0.8523358,12.172121,,,,,,,
2277,,,,0.21838588,-0.6125457,0.26206306,,,,
2278,,,,,,,31.4375,-14,-41.1875,
2281,,,,0.2098635,-0.6274599,0.2759119,,,,
2286,-2.5378537,0.545878,12.5743475,,,,,,,
2286,,,,0.18855755,-0.6370476,0.3078708,,,,
2291,,,,0.16192514,-0.62639457,0.3526133,,,,
2296,-2.2409728,0.32561144,12.919112,,,,,,,
2297,,,,0.13316211,-0.5997622,0.40055165,,,,
2298,,,,,,,31.4375,-13.875,-41.125,
2301,,,,0.10759499,-0.56247675,0.4516859,,,,
2306,-1.6759412,0.19153613,13.024457,,,,,,,
2306,,,,0.088419646,-0.52093023,0.50388545,,,,
2311,,,,0.07137489,-0.47618774,0.54649734,,,,
2316,-0.8810662,0.21068975,12.976573,,,,,,,
2317,,,,0.064983115,-0.43464115,0.5816521,,,,
2319,,,,,,,31.375,-13.9375,-40.875,
2321,,,,0.0692443,-0.39735577,0.595501,,,,
2326,-0.16280572,0.50757074,12.717999,,,,,,,
2326,,,,0.08735435,-0.36007038,0.5859133,,,,
2331,,,,0.120378554,-0.32917675,0.5550197,,,,
2336,0.25857377,0.7278373,12.277467,,,,,,,
2337,,,,0.16938221,-0.30467492,0.5113425,,,,
2337,,,,,,,31.25,-13.875,-40.4375,
2341,,,,0.23116943,-0.2780425,0.4570124,,,,
2346,0.17238252,0.79487497,11.559206,,,,,,,
2346,,,,0.28869548,-0.23862651,0.39842105,,,,
2351,,,,0.35474387,-0.1725781,0.31319728,,,,
2357,0.21068975,1.0342951,11.080365,,,,,,,
2358,,,,0.39735577,-0.12144385,0.25567126,,,,
2359,,,,,,,31.1875,-14.0625,-40.375,
2361,,,,0.39522517,-0.094811425,0.243953,,,,
2366,0.08619126,0.9864111,10.25676,,,,,,,
2366,,,,0.35687447,-0.05646074,0.26419365,,,,
2371,,,,0.3078708,0.004261188,0.29828313,,,,
2377,0.038307227,0.80445176,9.557653,,,,,,,
2377,,,,0.25247538,0.07989727,0.3185238,,,,
2378,,,,,,,31.1875,-14.375,-40.375,
2381,,,,0.18749227,0.17151281,0.32704616,,,,
2386,-0.21068975,0.93852705,9.193734,,,,,,,
2387,,,,0.113986775,0.2748466,0.33130735,,,,
2391,,,,0.02450183,0.38883337,0.33450323,,,,
2397,-0.4213795,0.91937345,8.743625,,,,,,,
2397,,,,-0.059656627,0.50282013,0.33450323,,,,
2398,,,,,,,30.875,-14.6875,-40.1875,
2401,,,,-0.13635801,0.61467636,0.33237264,,,,
2406,-0.59376204,0.90979666,8.446744,,,,,,,
2406,,,,-0.204537,0.7041613,0.33024204,,,,
2411,,,,-0.25460598,0.7510343,0.33024204,,,,
2417,-0.94810385,0.9768343,8.178593,,,,,,,
2417,,,,-0.28336897,0.7638179,0.32917675,,,,
2418,,,,,,,30.8125,-14.5625,-40.0625,
2421,,,,-0.29721785,0.7307937,0.33343795,,,,
2426,-1.340753,1.0342951,8.054094,,,,,,,
2426,,,,-0.29615256,0.6647453,0.33237264,,,,
2431,,,,-0.29082605,0.574195,0.33450323,,,,
2437,-1.4748282,1.0534488,8.025364,,,,,,,
2437,,,,-0.2865649,0.47725302,0.33769912,,,,
2438,,,,,,,30.6875,-14.6875,-40,
2441,,,,-0.28869548,0.3771151,0.3451562,,,,
2446,-1.6950948,1.0342951,8.169016,,,,,,,
2446,,,,-0.3078708,0.2759119,0.35793978,,,,
2451,,,,-0.3462215,0.17151281,0.36646214,,,,
2456,-1.7621324,1.1013328,8.264784,,,,,,,
2457,,,,-0.39309457,0.07670138,0.37285393,,,,
2457,,,,,,,30.6875,-14.8125,-39.9375,
2461,,,,-0.44209823,-0.005326485,0.37391922,,,,
2466,-1.8483237,1.0726024,8.571242,,,,,,,
2467,,,,-0.4953631,-0.07670138,0.37178862,,,,
2471,,,,-0.54223615,-0.14914156,0.37072334,,,,
2476,-1.7908629,0.90021986,9.002198,,,,,,,
2477,,,,-0.58378273,-0.21305938,0.36859274,,,,
2477,,,,,,,30.625,-14.6875,-40,
2481,,,,-0.61787224,-0.27271602,0.36646214,,,,
2486,-1.484405,0.7374141,9.528923,,,,,,,
2487,,,,-0.64770055,-0.33663383,0.36539686,,,,
2491,,,,-0.6658106,-0.3792457,0.36113566,,,,
2497,-1.0342951,0.545878,10.036493,,,,,,,
2497,,,,-0.67326766,-0.3920293,0.35580918,,,,
2501,,,,-0.67326766,-0.3792457,0.3440909,,,,
2506,-0.5650316,0.29688102,10.419566,,,,,,,
2506,,,,-0.66794115,-0.35367858,0.33130735,,,,
2511,,,,-0.65622294,-0.3206544,0.312132,,,,
2517,-0.22026655,0.17238252,10.5919485,,,,,,,
2517,,,,-0.65089643,-0.29189137,0.28549957,,,,
2518,,,,,,,30.8125,-14.4375,-39.9375,
2521,,,,-0.63491696,-0.27165073,0.24927948,,,,
2526,-0.10534488,0.1436521,10.448297,,,,,,,
2526,,,,-0.60934985,-0.26099774,0.2098635,,,,
2531,,,,-0.574195,-0.25780186,0.16831692,,,,
2536,-0.12449849,0.038307227,9.988609,,,,,,,
2537,,,,-0.5305179,-0.24608359,0.13422741,,,,
2538,,,,,,,30.6875,-13.9375,-39.75,
2541,,,,-0.4868407,-0.23330003,0.10652969,,,,
2546,-0.019153614,-0.11492168,9.509769,,,,,,,
2546,,,,-0.44422883,-0.2066676,0.08202787,,,,
2551,,,,-0.40694344,-0.1725781,0.07244019,,,,
2556,0,-0.06703765,8.973468,,,,,,,
2557,,,,-0.3781804,-0.12890093,0.064983115,,,,
2557,,,,,,,30.9375,-13.4375,-39.9375,
2561,,,,-0.35900506,-0.07883197,0.06178722,,,,
2566,-0.009576807,-0.08619126,8.37013,,,,,,,
2567,,,,-0.3398297,-0.02130594,0.058591332,,,,
2571,,,,-0.32385027,0.026632423,0.058591332,,,,
2577,0.038307227,-0.06703765,7.9391727,,,,,,,
2577,,,,,,,30.8125,-13.125,-39.875,
2578,,,,-0.29721785,0.07457078,0.054330144,,,,
2581,,,,-0.27165073,0.11505207,0.044742472,,,,
2586,0.1340753,-0.15322891,7.699753,,,,,,,
2586,,,,-0.24608359,0.14807628,0.036220096,,,,
2591,,,,-0.23116943,0.17151281,0.023436533,,,,
2596,0.095768064,-0.21068975,7.728483,,,,,,,
2597,,,,-0.22797355,0.19707993,-0.001065297,,,,
2597,,,,,,,30.75,-12.8125,-39.6875,
2601,,,,-0.23436533,0.21412468,-0.026632423,,,,
2610,-0.08619126,-0.45010993,8.149862,,,,,,,
2610,,,,-0.2098635,0.19175345,-0.07457078,,,,
2611,,,,-0.2098635,0.19175345,-0.07457078,,,,
2616,-0.34476504,-0.6799533,8.762778,,,,,,,
2617,,,,-0.1384886,0.14381509,-0.08522376,,,,
2618,,,,,,,30.8125,-12.375,-39.75,
2621,,,,-0.02450183,0.07563608,-0.08309316,,,,
2626,-0.62249243,-0.9959879,9.289502,,,,,,,
2626,,,,0.13635801,0,-0.06285252,,,,
2631,,,,0.33024204,-0.08309316,-0.02450183,,,,
2636,-0.7757214,-1.1875241,9.299079,,,,,,,
2637,,,,,,,30.8125,-11.75,-39.5,
2637,,,,0.54543203,-0.1736434,0.028763017,,,,
2641,,,,0.7755362,-0.25780186,0.09907261,,,,
2646,-0.5746084,-1.1492168,9.203311,,,,,,,
2646,,,,0.98966086,-0.32917675,0.18110047,,,,
2651,,,,1.1750225,-0.380311,0.26312834,,,,
2656,-0.29688102,-0.6607997,8.992621,,,,,,,
2657,,,,1.3071194,-0.3898987,0.34089503,,,,
2658,,,,,,,30.9375,-11.5,-39.1875,
2661,,,,1.384886,-0.36859274,0.40800872,,,,
2666,0.5267244,-0.36391866,8.676587,,,,,,,
2667,,,,1.4072572,-0.33556855,0.4570124,,,,
2671,,,,1.3859513,-0.29402196,0.4847101,,,,
2676,0.9864111,-0.17238252,8.446744,,,,,,,
2676,,,,1.3262947,-0.23649593,0.4836448,,,,
2677,,,,,,,30.875,-11.4375,-39.125,
2681,,,,1.2400056,-0.16192514,0.4538165,,,,
2686,1.1109096,0.009576807,8.485051,,,,,,,
2687,,,,1.1249535,-0.08628905,0.40161693,,,,
2691,,,,1.0013791,-0.02450183,0.33130735,,,,
2696,1.1875241,-0.047884032,8.66701,,,,,,,
2697,,,,,,,30.6875,-11.5625,-39,
2697,,,,0.8735435,0.008522376,0.24927948,,,,
2701,,,,0.7595567,0.006391781,0.16725162,,,,
2706,1.0151415,-0.076614454,8.829816,,,,,,,
2707,,,,0.6604841,-0.02769772,0.089484945,,,,
2711,,,,0.5784562,-0.08096257,0.011718267,,,,
2716,0.8714894,-0.33518824,9.165004,,,,,,,
2717,,,,0.49642837,-0.16085984,-0.060721926,,,,
2718,,,,,,,30.5,-11.8125,-38.625,
2721,,,,0.40161693,-0.25141007,-0.13209683,,,,
2726,0.9768343,-0.7469909,9.873688,,,,,,,
2726,,,,0.28336897,-0.3504827,-0.20240642,,,,
2731,,,,0.14274979,-0.44849002,-0.2769772,,,,
2736,1.043872,-0.9768343,10.812215,,,,,,,
2737,,,,-0.01065297,-0.53264844,-0.351548,,,,
2738,,,,,,,30.3125,-12.25,-38.625,
2743,,,,-0.15233746,-0.5944357,-0.42611876,,,,
2746,0.9576807,-1.292869,11.712435,,,,,,,
2746,,,,-0.2791078,-0.6200028,-0.50068957,,,,
2751,,,,-0.380311,-0.61041516,-0.56354207,,,,
2756,0.7469909,-1.6472107,12.363658,,,,,,,
2756,,,,-0.45914298,-0.56993383,-0.61361104,,,,
2757,,,,,,,30.25,-12.6875,-38.6875,
2761,,,,-0.527322,-0.50708133,-0.64343935,,,,
2766,0.545878,-1.9057846,12.612655,,,,,,,
2766,,,,-0.56993383,-0.41866168,-0.6551576,,,,
2771,,,,-0.5859133,-0.30680552,-0.64237404,,,,
2776,0.45010993,-2.0111294,12.325351,,,,,,,
2776,,,,-0.5869786,-0.18323107,-0.61787224,,,,
2777,,,,,,,29.9375,-13.0625,-38.5625,
2781,,,,-0.57632565,-0.06285252,-0.5784562,,,,
2786,0.2777274,-1.9153614,11.789049,,,,,,,
2786,,,,-0.5518238,0.050068956,-0.527322,,,,
2791,,,,-0.5113425,0.14061919,-0.4857754,,,,
2796,0.047884032,-1.6663644,10.994174,,,,,,,
2796,,,,-0.46340418,0.2077329,-0.44849002,,,,
2797,,,,,,,29.6875,-13.5625,-38.8125,
2801,,,,-0.40587813,0.25673655,-0.41440052,,,,
2806,-0.02873042,-1.3599066,10.007763,,,,,,,
2806,,,,-0.351548,0.28976077,-0.38670278,,,,
2810,,,,-0.30147904,0.31745848,-0.36433154,,,,
2816,0.019153614,-1.043872,9.002198,,,,,,,
2817,,,,-0.26312834,0.34089503,-0.3462215,,,,
2817,,,,,,,29.1875,-13.5,-38.9375,
2821,,,,-0.23223473,0.36326626,-0.33237264,,,,
2825,-0.009576807,-0.7374141,8.159439,,,,,,,
2826,,,,-0.21305938,0.3824416,-0.32278496,,,,
2831,,,,-0.19814523,0.3920293,-0.3163932,,,,
2836,-0.15322891,-0.40222588,7.479486,,,,,,,
2837,,,,-0.18536167,0.40055165,-0.3142626,,,,
2838,,,,,,,29,-13.375,-39,
2841,,,,-0.18003519,0.39415985,-0.31532788,,,,
2846,-0.51714754,-0.1436521,6.933608,,,,,,,
2846,,,,-0.175774,0.36965802,-0.32171968,,,,
2851,,,,-0.16618632,0.34089503,-0.32171968,,,,
2857,-0.6607997,0.21068975,6.4260373,,,,,,,
2857,,,,,,,28.8125,-13.1875,-39,
2858,,,,-0.1395539,0.30680552,-0.312132,,,,
2861,,,,-0.1043991,0.2737813,-0.28549957,,,,
2866,-0.6799533,0.35434186,6.0238113,,,,,,,
2867,,,,-0.0692443,0.23969181,-0.25247538,,,,
2871,,,,-0.04261188,0.19707993,-0.21838588,,,,
2878,-0.641646,0.60333884,6.0046577,,,,,,,
2878,,,,,,,28.8125,-12.875,-39.1875,
2878,,,,-0.025567126,0.15446806,-0.18749227,,,,
2881,,,,-0.020240642,0.116117366,-0.15979454,,,,
2886,-0.47884035,0.8714894,6.0716953,,,,,,,
2887,,,,-0.012783563,0.09055024,-0.14168449,,,,
2891,,,,-0.003195891,0.09055024,-0.13103153,,,,
2897,-0.2777274,1.0055647,6.157887,,,,,,,
2898,,,,,,,28.6875,-12.625,-39.0625,
2898,,,,0.011718267,0.092680834,-0.12783563,,,,
2901,,,,0.022371236,0.09694202,-0.13316211,,,,
2906,-0.095768064,1.1013328,6.588843,,,,,,,
2907,,,,0.02769772,0.08628905,-0.14914156,,,,
2911,,,,0.034089502,0.0692443,-0.1725781,,,,
2916,-0.17238252,1.2545617,7.0102224,,,,,,,
2917,,,,0.06178722,0.04900366,-0.20240642,,,,
2918,,,,,,,28.5625,-12.1875,-39.125,
2921,,,,0.113986775,0.036220096,-0.23010413,,,,
2926,-0.29688102,1.1300632,7.374141,,,,,,,
2926,,,,0.18003519,0.026632423,-0.25460598,,,,
2931,,,,0.26206306,0.02130594,-0.27271602,,,,
2937,-0.50757074,0.91937345,7.52737,,,,,,,
2937,,,,0.33663383,0.019175345,-0.2780425,,,,
2937,,,,,,,28.5,-11.8125,-39.125,
2941,,,,0.40055165,0.03835069,-0.26632422,,,,
2946,-0.7086837,0.8523358,7.3645644,,,,,,,
2947,,,,0.44635943,0.07137489,-0.2418224,,,,
2951,,,,0.46766534,0.10972559,-0.2109288,,,,
2957,-0.92895025,0.89064306,7.2113357,,,,,,,
2957,,,,0.45914298,0.1384886,-0.18110047,,,,
2958,,,,,,,28.5625,-11.6875,-39.0625,
2961,,,,0.43251055,0.15553336,-0.15127216,,,,
2966,-1.0630256,1.0247183,7.019799,,,,,,,
2966,,,,0.3920293,0.15553336,-0.12996623,,,,
2971,,,,0.3472868,0.13635801,-0.119313255,,,,
2976,-0.9672575,1.1300632,7.0964136,,,,,,,
2977,,,,,,,28.6875,-11.9375,-39.0625,
2977,,,,0.3057402,0.094811425,-0.11824796,,,,
2981,,,,0.25993246,0.03835069,-0.12463974,,,,
2986,-0.8619126,1.1875241,7.393295,,,,,,,
2987,,,,0.22477765,-0.033024207,-0.14274979,,,,
2991,,,,0.19068815,-0.10120321,-0.16405573,,,,
2996,-0.6799533,1.0534488,7.843405,,,,,,,
2996,,,,0.16618632,-0.16405573,-0.18642697,,,,
2997,,,,,,,28.75,-11.8125,-39.0625,
3001,,,,0.14701098,-0.22158176,-0.2119941,,,,
3006,-0.45968673,0.81402856,8.37013,,,,,,,
3007,,,,0.13635801,-0.26419365,-0.23543063,,,,
3011,,,,0.12144385,-0.30147904,-0.26632422,,,,
3016,-0.33518824,0.61291564,8.829816,,,,,,,
3017,,,,0.10652969,-0.32278496,-0.29615256,,,,
3017,,,,,,,28.9375,-11.8125,-38.9375,
3021,,,,0.09374613,-0.32385027,-0.32278496,,,,
3029,-0.2777274,0.2777274,9.414001,,,,,,,
3030,,,,0.08415846,-0.29934844,-0.36326626,,,,
3031,,,,0.08415846,-0.29934844,-0.36326626,,,,
3036,-0.45968673,-0.009576807,9.873688,,,,,,,
3037,,,,0.10013791,-0.26312834,-0.36433154,,,,
3037,,,,,,,28.8125,-11.9375,-38.8125,
3041,,,,0.12570503,-0.19601464,-0.35474387,,,,
3045,-0.7086837,-0.2777274,10.0748005,,,,,,,
3046,,,,0.15766394,-0.11079088,-0.32704616,,,,
3051,,,,0.19281875,-0.009587673,-0.2801731,,,,
3056,-0.82360536,-0.32561144,9.950302,,,,,,,
3057,,,,0.23330003,0.094811425,-0.21732058,,,,
3058,,,,,,,28.8125,-11.9375,-38.75,
3061,,,,0.27165073,0.19707993,-0.14807628,,,,
3067,-1.0342951,-0.2681506,9.490616,,,,,,,
3067,,,,0.30680552,0.2823037,-0.07670138,,,,
3071,,,,0.33130735,0.34302562,-0.011718267,,,,
3076,-1.1587936,0.16280572,8.935161,,,,,,,
3076,,,,0.3504827,0.380311,0.04900366,,,,
3077,,,,,,,28.8125,-12.0625,-38.75,
3081,,,,0.36646214,0.39309457,0.09907261,,,,
3086,-1.13964,0.58418524,8.446744,,,,,,,
3086,,,,0.3813763,0.40268224,0.14274979,,,,
3091,,,,0.39842105,0.42079228,0.1747087,,,,
3096,-1.3694834,1.0630256,7.872135,,,,,,,
3096,,,,0.41013932,0.4516859,0.19601464,,,,
3097,,,,,,,28.75,-12.0625,-38.75,
3101,,,,0.409074,0.46340418,0.2119941,,,,
3106,-1.340753,0.92895025,7.3645644,,,,,,,
3106,,,,0.3898987,0.42824936,0.21945117,,,,
3111,,,,0.33663383,0.32811147,0.21838588,,,,
3116,-1.4077905,0.7469909,7.1826053,,,,,,,
3117,,,,0.26525894,0.16725162,0.21518998,,,,
3118,,,,,,,28.6875,-12.125,-38.75,
3121,,,,0.18429637,-0.019175345,0.2077329,,,,
3126,-1.4748282,0.6703765,7.7667904,,,,,,,
3126,,,,0.09907261,-0.21945117,0.20240642,,,,
3131,,,,-0.002130594,-0.44422883,0.18323107,,,,
3136,-1.2641385,0.5746084,9.232041,,,,,,,
3137,,,,-0.10866029,-0.67539823,0.15766394,,,,
3137,,,,,,,28.5,-12.25,-38.75,
3141,,,,-0.2077329,-0.8660864,0.11824796,,,,
3146,-0.80445176,0.5746084,10.840945,,,,,,,
3146,,,,-0.2844343,-1.0003139,0.08202787,,,,
3151,,,,-0.3419603,-1.0834069,0.05113425,,,,
3156,-0.61291564,0.37349546,12.449849,,,,,,,
3157,,,,-0.3781804,-1.104713,0.020240642,,,,
3158,,,,,,,28.4375,-12.375,-38.6875,
3161,,,,-0.3898987,-1.0535786,-0.014914157,,,,
3166,-0.36391866,0.009576807,13.359646,,,,,,,
3167,,,,-0.37604982,-0.9417225,-0.044742472,,,,
3171,,,,-0.3462215,-0.7670138,-0.05539544,,,,
3177,-0.095768064,-0.38307226,13.723564,,,,,,,
3177,,,,-0.30254433,-0.5496932,-0.050068956,,,,
3178,,,,,,,28.0625,-12.4375,-38.9375,
3181,,,,-0.24714889,-0.3078708,-0.026632423,,,,
3186,-0.20111294,-0.47884035,12.966996,,,,,,,
3186,,,,-0.18855755,-0.068179004,0.017044751,,,,
3191,,,,-0.12463974,0.1374233,0.068179004,,,,
3196,-0.50757074,-0.1436521,11.789049,,,,,,,
3196,,,,-0.064983115,0.28763017,0.11505207,,,,
3197,,,,,,,28,-12.3125,-39.0625,
3201,,,,-0.009587673,0.36965802,0.15553336,,,,
3206,-0.6895301,0.39264908,10.457873,,,,,,,
3206,,,,0.043677174,0.380311,0.1736434,,,,
3211,,,,0.09694202,0.34302562,0.1736434,,,,
3216,-0.6991069,0.82360536,9.270349,,,,,,,
3217,,,,0.15127216,0.26952013,0.15979454,,,,
3218,,,,,,,27.9375,-12.25,-39.125,
3221,,,,0.20240642,0.17790459,0.1384886,,,,
3226,-0.79487497,1.0151415,8.485051,,,,,,,
3226,,,,0.243953,0.08522376,0.113986775,,,,
3230,,,,0.2737813,-0.002130594,0.092680834,,,,
3236,-0.7565677,1.0726024,7.872135,,,,,,,
3237,,,,0.28869548,-0.07670138,0.07989727,,,,
3238,,,,,,,27.6875,-12.1875,-39.125,
3241,,,,0.29189137,-0.12890093,0.070309594,,,,
3246,-0.7757214,1.1300632,7.603985,,,,,,,
3246,,,,0.27058542,-0.16299044,0.060721926,,,,
3251,,,,0.23116943,-0.16512102,0.057526033,,,,
3256,-0.6991069,1.0630256,7.4028716,,,,,,,
3257,,,,0.17683929,-0.14594568,0.05646074,,,,
3257,,,,,,,27.625,-12.5,-38.875,
3261,,,,0.11824796,-0.10652969,0.060721926,,,,
3266,-0.7374141,1.0151415,7.3549876,,,,,,,
3266,,,,0.058591332,-0.06178722,0.06604841,,,,
3271,,,,-0.002130594,-0.026632423,0.07457078,,,,
3276,-0.8714894,0.93852705,7.5944076,,,,,,,
3276,,,,-0.05113425,-0.001065297,0.08522376,,,,
3277,,,,,,,27.4375,-12.375,-38.875,
3281,,,,-0.08309316,0.006391781,0.09055024,,,,
3286,-0.81402856,0.90021986,7.9008656,,,,,,,
3286,,,,-0.08735435,0.003195891,0.10013791,,,,
3291,,,,-0.07350549,-0.003195891,0.10866029,,,,
3296,-0.7757214,0.8523358,8.1402855,,,,,,,
3296,,,,-0.050068956,-0.008522376,0.11292148,,,,
3297,,,,,,,27.4375,-12.25,-38.625,
3301,,,,-0.026632423,-0.009587673,0.11824796,,,,
3306,-0.61291564,0.7757214,8.350976,,,,,,,
3306,,,,-0.017044751,-0.005326485,0.122509144,,,,
3311,,,,-0.035154797,0.001065297,0.122509144,,,,
3317,-0.48841715,0.7661445,8.437167,,,,,,,
3317,,,,,,,27.1875,-12.4375,-38.5625,
3318,,,,-0.07457078,0.01065297,0.11505207,,,,
3321,,,,-0.13422741,0.019175345,0.10120321,,,,
3326,-0.4213795,0.7182605,8.63828,,,,,,,
3327,,,,-0.20134112,0.022371236,0.08415846,,,,
3331,,,,-0.26525894,0.020240642,0.060721926,,,,
3336,-0.36391866,0.61291564,9.021352,,,,,,,
3336,,,,-0.32278496,0.006391781,0.036220096,,,,
3337,,,,,,,27.375,-12.625,-38.5,
3341,,,,-0.37178862,-0.022371236,0.011718267,,,,
3346,-0.2777274,0.47884035,9.433155,,,,,,,
3346,,,,-0.41013932,-0.05113425,-0.011718267,,,,
3351,,,,-0.43783703,-0.08202787,-0.028763017,,,,
3357,-0.23942018,0.31603462,9.9790325,,,,,,,
3357,,,,,,,27.375,-12.625,-38.5,
3358,,,,-0.4559471,-0.116117366,-0.04900366,,,,
3361,,,,-0.46979594,-0.14701098,-0.07137489,,,,
3366,-0.31603462,0.11492168,10.534488,,,,,,,
3366,,,,-0.47086126,-0.175774,-0.08202787,,,,
3371,,,,-0.46340418,-0.2056023,-0.09374613,,,,
3377,-0.32561144,-0.095768064,11.003751,,,,,,,
3377,,,,-0.44103295,-0.23436533,-0.092680834,,,,
3378,,,,,,,27.25,-12.5625,-38.6875,
3380,,,,-0.40800872,-0.25247538,-0.088419646,,,,
3386,-0.36391866,-0.2777274,11.319786,,,,,,,
3386,,,,-0.35793978,-0.26845482,-0.068179004,,,,
3391,,,,-0.29721785,-0.26632422,-0.04261188,,,,
3396,-0.32561144,-0.31603462,11.386824,,,,,,,
3396,,,,-0.22371235,-0.25247538,-0.006391781,,,,
3397,,,,,,,27.5,-12.6875,-38.4375,
3401,,,,-0.15233746,-0.22158176,0.035154797,,,,
3406,-0.2681506,-0.22026655,11.099519,,,,,,,
3406,,,,-0.07989727,-0.1747087,0.07670138,,,,
3411,,,,-0.028763017,-0.10759499,0.113986775,,,,
3416,-0.11492168,-0.047884032,10.630256,,,,,,,
3416,,,,-0.001065297,-0.035154797,0.14914156,,,,
3417,,,,,,,27.5,-12.375,-38.5625,
3421,,,,0.004261188,0.043677174,0.17790459,,,,
3426,-0.08619126,0.22026655,10.160992,,,,,,,
3426,,,,-0.005326485,0.10652969,0.19814523,,,,
3430,,,,-0.020240642,0.15659864,0.20347172,,,,
3436,-0.15322891,0.47884035,9.557653,,,,,,,
3437,,,,-0.031958908,0.18536167,0.204537,,,,
3437,,,,,,,27.375,-12.1875,-38.5625,
3441,,,,-0.039415985,0.19601464,0.20134112,,,,
3446,-0.19153613,0.62249243,9.184157,,,,,,,
3446,,,,-0.04154658,0.19175345,0.19281875,,,,
3451,,,,-0.034089502,0.16405573,0.18642697,,,,
3456,-0.21068975,0.78529817,8.801085,,,,,,,
3457,,,,-0.023436533,0.11824796,0.17790459,,,,
3458,,,,,,,27.3125,-12,-38.75,
3461,,,,-0.007457078,0.067113705,0.16618632,,,,
3466,-0.23942018,0.91937345,8.619126,,,,,,,
3466,,,,0.004261188,0.001065297,0.15340276,,,,
3471,,,,0.014914157,-0.0692443,0.1374233,,,,
3476,-0.37349546,1.0151415,8.6574335,,,,,,,
3477,,,,0.026632423,-0.14488038,0.122509144,,,,
3477,,,,,,,27.5625,-11.75,-38.8125,
3481,,,,0.036220096,-0.2087982,0.113986775,,,,
3486,-0.37349546,0.9959879,8.762778,,,,,,,
3486,,,,0.03835069,-0.25247538,0.10120321,,,,
3491,,,,0.035154797,-0.26845482,0.089484945,,,,
3497,-0.24899697,0.93852705,8.963891,,,,,,,
3497,,,,0.018110048,-0.26952013,0.089484945,,,,
3498,,,,,,,27.5625,-11.6875,-38.6875,
3501,,,,-0.004261188,-0.25460598,0.08628905,,,,
3506,-0.23942018,0.9768343,9.136273,,,,,,,
3506,,,,-0.033024207,-0.23330003,0.08415846,,,,
3511,,,,-0.064983115,-0.20134112,0.07670138,,,,
3516,-0.22984336,0.9768343,9.260772,,,,,,,
3516,,,,-0.094811425,-0.16618632,0.06604841,,,,
3517,,,,,,,27.625,-11.8125,-38.3125,
3521,,,,-0.122509144,-0.1374233,0.059656627,,,,
3526,-0.20111294,0.8523358,9.586384,,,,,,,
3527,,,,-0.14914156,-0.11079088,0.046873067,,,,
3531,,,,-0.16299044,-0.09374613,0.036220096,,,,
3536,-0.15322891,0.78529817,9.797073,,,,,,,
3536,,,,-0.16085984,-0.08415846,0.02450183,,,,
3537,,,,,,,27.75,-11.5,-38.1875,
3541,,,,-0.15233746,-0.07989727,0.01065297,,,,
3546,-0.1436521,0.7182605,9.950302,,,,,,,
3546,,,,-0.1384886,-0.07776668,0.002130594,,,,
3551,,,,-0.122509144,-0.07563608,-0.005326485,,,,
3557,-0.22026655,0.62249243,10.093954,,,,,,,
3557,,,,-0.11079088,-0.07883197,-0.009587673,,,,
3558,,,,,,,27.625,-11.125,-38.4375,
3561,,,,-0.1033338,-0.08309316,-0.012783563,,,,
3565,-0.25857377,0.46926352,10.218452,,,,,,,
3566,,,,-0.10013791,-0.08096257,-0.008522376,,,,
3571,,,,-0.092680834,-0.0692443,-0.003195891,,,,
3576,-0.35434186,0.4213795,10.371682,,,,,,,
3576,,,,-0.08309316,-0.06178722,0.003195891,,,,
3577,,,,,,,27.5625,-11.0625,-38.625,
3581,,,,-0.064983115,-0.046873067,0.011718267,,,,
3586,-0.36391866,0.35434186,10.314221,,,,,,,
3586,,,,-0.046873067,-0.040481284,0.022371236,,,,
3591,,,,-0.025567126,-0.03089361,0.03089361,,,,
3596,-0.4405331,0.30645782,10.151415,,,,,,,
3596,,,,-0.004261188,-0.023436533,0.045807768,,,,
3597,,,,,,,27.4375,-11.1875,-38.375,
3600,,,,0.009587673,-0.012783563,0.063917816,,,,
3606,-0.41180268,0.29688102,10.04607,,,,,,,
3606,,,,0.014914157,0,0.08628905,,,,
3611,,,,0.022371236,0.009587673,0.1054644,,,,
3616,-0.29688102,0.40222588,9.873688,,,,,,,
3616,,,,0.02130594,0.02130594,0.12357444,,,,
3617,,,,,,,27.5,-11.1875,-38.375,
3620,,,,0.019175345,0.029828314,0.13635801,,,,
3626,-0.23942018,0.48841715,9.701305,,,,,,,
3626,,,,0.020240642,0.031958908,0.14594568,,,,
3630,,,,0.025567126,0.025567126,0.15340276,,,,
3636,-0.08619126,0.61291564,9.586384,,,,,,,
3637,,,,0.02769772,0.019175345,0.15340276,,,,
3637,,,,,,,27.5,-11.125,-38.4375,
3641,,,,0.039415985,0.012783563,0.15127216,,,,
3645,-0.08619126,0.7565677,9.442732,,,,,,,
3646,,,,0.050068956,0.009587673,0.14594568,,,,
3651,,,,0.060721926,0,0.1395539,,,,
3656,-0.05746084,0.82360536,9.299079,,,,,,,
3656,,,,0.067113705,-0.004261188,0.13635801,,,,
3657,,,,,,,27.5,-10.9375,-38.4375,
3661,,,,0.06285252,-0.005326485,0.13529271,,,,
3665,-0.019153614,0.90979666,9.193734,,,,,,,
3666,,,,0.05113425,-0.01065297,0.13316211,,,,
3671,,,,0.029828314,-0.012783563,0.13209683,,,,
3676,-0.009576807,0.91937345,9.184157,,,,,,,
3677,,,,0.009587673,-0.01065297,0.12996623,,,,
3677,,,,,,,27.4375,-10.75,-38.8125,
3681,,,,-0.009587673,-0.008522376,0.12783563,,,,
3686,-0.02873042,1.0342951,9.3182335,,,,,,,
3686,,,,-0.02450183,0.001065297,0.122509144,,,,
3691,,,,-0.034089502,0.007457078,0.11824796,,,,
3696,-0.15322891,0.9768343,9.5385,,,,,,,
3696,,,,-0.03089361,0.01384886,0.10866029,,,,
3697,,,,,,,27.3125,-11,-38.875,
3701,,,,-0.019175345,0.012783563,0.11079088,,,,
3706,-0.21068975,0.82360536,9.576807,,,,,,,
3706,,,,0.005326485,0.01065297,0.120378554,,,,
3711,,,,0.01065297,-0.006391781,0.13529271,,,,
3716,-0.31603462,1.2354081,8.63828,,,,,,,
3716,,,,-0.2087982,-0.0692443,0.12783563,,,,
3717,,,,,,,27.4375,-11.25,-38.875,
3720,,,,-0.32491556,-0.054330144,0.10652969,,,,
3726,0.32561144,1.0151415,8.590396,,,,,,,
3726,,,,-0.29934844,-0.057526033,0.09800732,,,,
3731,,,,-0.26632422,-0.034089502,0.1033338,,,,
3736,-0.009576807,0.78529817,9.184157,,,,,,,
3736,,,,-0.23969181,-0.02450183,0.116117366,,,,
3737,,,,,,,27.5,-11.1875,-38.75,
3741,,,,-0.18855755,-0.03835069,0.12890093,,,,
3746,0.095768064,0.6512229,9.385271,,,,,,,
3746,,,,-0.10120321,-0.058591332,0.14914156,,,,
3750,,,,0.004261188,-0.08096257,0.18216577,,,,
3756,-0.047884032,0.62249243,9.787497,,,,,,,
3756,,,,0.10759499,-0.1043991,0.2098635,,,,
3757,,,,,,,27.8125,-11.125,-38.625,
3761,,,,0.18962285,-0.13529271,0.22903883,,,,
3766,0.15322891,0.94810385,9.768343,,,,,,,
3766,,,,0.23543063,-0.16299044,0.23436533,,,,
3770,,,,0.24608359,-0.18323107,0.22584295,,,,
3776,0.34476504,1.2737153,9.576807,,,,,,,
3777,,,,0.21412468,-0.19281875,0.20347172,,,,
3777,,,,,,,28.125,-11.125,-38.5625,
3781,,,,0.14807628,-0.19921052,0.17151281,,,,
3785,0.36391866,1.2354081,9.452309,,,,,,,
3786,,,,0.054330144,-0.19494934,0.14061919,,,,
3791,,,,-0.043677174,-0.1736434,0.10866029,,,,
3796,0.4405331,1.2066777,9.653421,,,,,,,
3796,,,,-0.12144385,-0.1395539,0.08096257,,,,
3797,,,,,,,27.9375,-11.1875,-38.5,
3800,,,,-0.17044751,-0.11185618,0.059656627,,,,