0,,,,,,,,,,73
632,0.40222588,0.29688102,9.969456,,,,,,,
632,,,,0,0,0,,,,
636,,,,0,0,0,,,,
642,-0.1436521,0.82360536,9.394848,,,,,,,
642,,,,0,0,0,,,,
643,,,,,,,45,-50.1875,22.6875,
647,,,,0,0,0,,,,
652,-0.18195933,0.34476504,9.346964,,,,,,,
652,,,,0,0,0,,,,
657,,,,0,0,0,,,,
662,0.009576807,0.41180268,9.433155,,,,,,,
663,,,,0,0,0,,,,
667,,,,-0.20134112,-0.28763017,0.2737813,,,,
672,0.22026655,0.5363012,9.691729,,,,,,,
672,,,,-0.017044751,-0.23969181,-0.05219955,,,,
677,,,,0.014914157,-0.26312834,-0.03089361,,,,
682,0.38307226,0.45010993,9.921572,,,,,,,
683,,,,0.040481284,-0.23756121,-0.03835069,,,,
684,,,,,,,49.0625,-17.125,-42.875,
687,,,,0.039415985,-0.18642697,-0.04900366,,,,
692,0.32561144,0.50757074,9.701305,,,,,,,
692,,,,0.01384886,-0.12357444,-0.05539544,,,,
697,,,,-0.02450183,-0.060721926,-0.058591332,,,,
703,0.15322891,0.40222588,9.557653,,,,,,,
703,,,,-0.064983115,-0.007457078,-0.060721926,,,,
704,,,,,,,47.8125,-25.25,-26.375,
706,,,,-0.094811425,0.020240642,-0.060721926,,,,
712,0.06703765,0.4213795,9.576807,,,,,,,
712,,,,-0.1054644,0.031958908,-0.057526033,,,,
717,,,,-0.1022685,0.028763017,-0.045807768,,,,
722,0.019153614,0.4405331,9.452309,,,,,,,
722,,,,-0.09374613,0.018110048,-0.034089502,,,,
723,,,,,,,48.125,-16.9375,-42.75,
726,,,,-0.08628905,0.009587673,-0.020240642,,,,
731,-0.06703765,0.49799395,9.701305,,,,,,,
732,,,,-0.07883197,-0.004261188,-0.008522376,,,,
736,,,,-0.06285252,-0.007457078,0.004261188,,,,
742,-0.06703765,0.48841715,9.634268,,,,,,,
742,,,,-0.043677174,-0.012783563,0.014914157,,,,
743,,,,,,,47.5625,-17,-43.0625,
747,,,,-0.026632423,-0.019175345,0.022371236,,,,
752,0.02873042,0.7661445,9.5385,,,,,,,
752,,,,-0.02130594,-0.033024207,0.023436533,,,,
756,,,,-0.029828314,-0.045807768,0.014914157,,,,
762,-0.009576807,0.9576807,9.586384,,,,,,,
763,,,,-0.045807768,-0.057526033,-0.002130594,,,,
764,,,,,,,47.625,-17.0625,-43,
764,,,,,,,,,,80
767,,,,-0.06604841,-0.060721926,-0.015979454,,,,
772,-0.009576807,1.0726024,9.682152,,,,,,,
772,,,,-0.08522376,-0.045807768,-0.02769772,,,,
777,,,,-0.1043991,-0.022371236,-0.035154797,,,,
782,-0.20111294,1.1300632,9.749189,,,,,,,
783,,,,-0.116117366,0.006391781,-0.03728539,,,,
784,,,,,,,47.8125,-21.25,-34.625,
787,,,,-0.116117366,0.025567126,-0.035154797,,,,
792,-0.29688102,1.2258313,9.749189,,,,,,,
792,,,,-0.10652969,0.044742472,-0.025567126,,,,
797,,,,-0.088419646,0.060721926,-0.012783563,,,,
802,-0.37349546,1.2354081,9.519346,,,,,,,
803,,,,-0.07244019,0.07244019,-0.002130594,,,,
804,,,,,,,48.0625,-17.3125,-42.625,
807,,,,-0.059656627,0.068179004,0.015979454,,,,
812,-0.38307226,1.3311762,9.232041,,,,,,,
812,,,,-0.054330144,0.059656627,0.029828314,,,,
817,,,,-0.05539544,0.04900366,0.039415985,,,,
822,-0.49799395,1.3215994,9.251195,,,,,,,
822,,,,-0.06178722,0.03728539,0.04793836,,,,
823,,,,,,,47.75,-17.0625,-42.625,
827,,,,-0.0692443,0.029828314,0.057526033,,,,
832,-0.49799395,1.2449849,9.3182335,,,,,,,
832,,,,-0.07350549,0.034089502,0.07244019,,,,
837,,,,-0.07883197,0.040481284,0.09055024,,,,
842,-0.50757074,1.3024458,9.346964,,,,,,,
842,,,,-0.092680834,0.05646074,0.10652969,,,,
843,,,,,,,47.75,-17,-42.4375,
847,,,,-0.10866029,0.063917816,0.11505207,,,,
852,-0.5363012,1.3311762,9.423578,,,,,,,
853,,,,-0.12463974,0.07137489,0.120378554,,,,
857,,,,-0.13209683,0.07244019,0.119313255,,,,
862,-0.36391866,1.4269443,9.557653,,,,,,,
862,,,,-0.1384886,0.08309316,0.116117366,,,,
863,,,,,,,47.6875,-17.125,-42.5,
867,,,,-0.14274979,0.08628905,0.1054644,,,,
876,-0.49799395,1.4748282,9.691729,,,,,,,
876,,,,-0.15659864,0.10759499,0.08309316,,,,
877,,,,-0.15659864,0.10759499,0.08309316,,,,
882,-0.6799533,1.436521,9.701305,,,,,,,
882,,,,-0.15446806,0.120378554,0.07670138,,,,
883,,,,,,,47.9375,-17,-42.625,
886,,,,-0.14807628,0.12677033,0.08522376,,,,
892,-0.90021986,1.388637,9.768343,,,,,,,
892,,,,-0.13422741,0.12783563,0.1054644,,,,
896,,,,-0.1054644,0.12463974,0.12996623,,,,
902,-0.8810662,1.3599066,9.720459,,,,,,,
903,,,,-0.07457078,0.113986775,0.15979454,,,,
904,,,,,,,48.125,-17,-42.4375,
907,,,,-0.046873067,0.091615535,0.18749227,,,,
912,-0.7757214,1.4939818,9.624691,,,,,,,
912,,,,-0.02130594,0.07457078,0.2087982,,,,
917,,,,-0.011718267,0.05113425,0.21945117,,,,
922,-0.5650316,1.6089035,9.375694,,,,,,,
922,,,,-0.023436533,0.033024207,0.22264706,,,,
923,,,,,,,48.1875,-16.875,-42.375,
926,,,,-0.05539544,0.023436533,0.2109288,,,,
932,-0.35434186,1.6567876,9.385271,,,,,,,
932,,,,-0.09800732,0.019175345,0.19494934,,,,
936,,,,-0.14488038,0.019175345,0.1736434,,,,
942,-0.19153613,1.6472107,9.576807,,,,,,,
942,,,,-0.18855755,0.026632423,0.14594568,,,,
943,,,,,,,48.0625,-16.9375,-42.5625,
946,,,,-0.22158176,0.02450183,0.11824796,,,,
952,-0.06703765,1.6280571,9.787497,,,,,,,
952,,,,-0.24608359,0.02130594,0.09055024,,,,
956,,,,-0.25673655,0.02130594,0.067113705,,,,
962,-0.1340753,1.5035586,10.160992,,,,,,,
962,,,,-0.26206306,0.035154797,0.053264845,,,,
963,,,,,,,48.125,-16.75,-42.75,
966,,,,-0.25460598,0.059656627,0.05219955,,,,
971,-0.23942018,1.3311762,10.237606,,,,,,,
972,,,,-0.24608359,0.089484945,0.06178722,,,,
976,,,,-0.22797355,0.12783563,0.07670138,,,,
982,-0.23942018,1.3503298,10.160992,,,,,,,
982,,,,-0.2077329,0.15872924,0.09907261,,,,
983,,,,,,,48.25,-16.9375,-42.5,
986,,,,-0.17790459,0.18216577,0.12357444,,,,
991,-0.29688102,1.4460979,9.864111,,,,,,,
992,,,,-0.14381509,0.20027582,0.14274979,,,,
996,,,,-0.11079088,0.21518998,0.16085984,,,,
1002,-0.22984336,1.5131354,9.605537,,,,,,,
1002,,,,-0.07883197,0.2109288,0.17790459,,,,
1003,,,,,,,48.1875,-16.8125,-42.625,
1006,,,,-0.04261188,0.19388404,0.19175345,,,,
1011,-0.15322891,1.733402,9.356541,,,,,,,
1012,,,,-0.009587673,0.17790459,0.19707993,,,,
1016,,,,0.018110048,0.15979454,0.19175345,,,,
1022,-0.1436521,1.8770541,9.097966,,,,,,,
1022,,,,0.03728539,0.15020686,0.18110047,,,,
1023,,,,,,,48.1875,-16.625,-42.5,
1026,,,,0.050068956,0.14807628,0.16725162,,,,
1032,-0.047884032,1.982399,8.820239,,,,,,,
1032,,,,0.057526033,0.14381509,0.15233746,,,,
1037,,,,0.0692443,0.1395539,0.1384886,,,,
1042,-0.06703765,2.087744,8.6574335,,,,,,,
1042,,,,0.07989727,0.119313255,0.11824796,,,,
1043,,,,,,,48.1875,-16.6875,-42.25,
1046,,,,0.091615535,0.09800732,0.1022685,,,,
1051,-0.10534488,2.1547816,8.6095495,,,,,,,
1052,,,,0.09800732,0.070309594,0.08522376,,,,
1056,,,,0.09694202,0.045807768,0.07457078,,,,
1062,-0.076614454,2.0685902,8.532935,,,,,,,
1062,,,,0.08415846,0.029828314,0.06178722,,,,
1063,,,,,,,48.0625,-16.6875,-42.0625,
1066,,,,0.060721926,0.023436533,0.044742472,,,,
1071,-0.047884032,2.030283,8.810662,,,,,,,
1072,,,,0.02769772,0.029828314,0.029828314,,,,
1076,,,,-0.006391781,0.04793836,0.017044751,,,,
1082,-0.06703765,1.9249382,9.050082,,,,,,,
1083,,,,-0.034089502,0.07457078,0.002130594,,,,
1084,,,,,,,47.9375,-16.75,-42.0625,
1086,,,,-0.060721926,0.09907261,-0.015979454,,,,
1092,-0.05746084,1.8387469,9.222465,,,,,,,
1092,,,,-0.07670138,0.12144385,-0.033024207,,,,
1097,,,,-0.08522376,0.13422741,-0.053264845,,,,
1102,-0.08619126,1.7238252,9.481039,,,,,,,
1103,,,,-0.08415846,0.13422741,-0.07350549,,,,
1104,,,,,,,48.125,-16.6875,-42,
1107,,,,-0.067113705,0.116117366,-0.091615535,,,,
1112,-0.1436521,1.6472107,9.653421,,,,,,,
1112,,,,-0.03835069,0.08202787,-0.11824796,,,,
1117,,,,-0.003195891,0.04900366,-0.14381509,,,,
1122,-0.2681506,1.4748282,9.883265,,,,,,,
1122,,,,0.029828314,0.020240642,-0.16938221,,,,
1123,,,,,,,48.375,-16.6875,-41.9375,
1127,,,,0.05646074,0.004261188,-0.18642697,,,,
1132,-0.48841715,1.292869,10.007763,,,,,,,
1132,,,,0.07457078,0.011718267,-0.20134112,,,,
1137,,,,0.07563608,0.036220096,-0.20240642,,,,
1142,-0.7086837,1.1492168,9.931149,,,,,,,
1142,,,,0.063917816,0.07457078,-0.19814523,,,,
1143,,,,,,,48.3125,-16.625,-42.0625,
1147,,,,0.04793836,0.12144385,-0.18855755,,,,
1152,-0.93852705,1.0821792,9.921572,,,,,,,
1152,,,,0.028763017,0.15020686,-0.17790459,,,,
1157,,,,0.012783563,0.175774,-0.16405573,,,,
1162,-1.1300632,0.9672575,9.950302,,,,,,,
1163,,,,0.005326485,0.19494934,-0.15020686,,,,
1164,,,,,,,48.4375,-16.5,-41.9375,
1167,,,,0.005326485,0.19707993,-0.1384886,,,,
1171,-1.2449849,0.89064306,10.01734,,,,,,,
1172,,,,0.011718267,0.18962285,-0.12463974,,,,
1177,,,,0.02450183,0.16725162,-0.1054644,,,,
1183,-1.2737153,0.8714894,10.036493,,,,,,,
1183,,,,,,,48.4375,-16.5,-41.9375,
1184,,,,0.045807768,0.1374233,-0.089484945,,,,
1187,,,,0.064983115,0.10759499,-0.07670138,,,,
1191,-1.3120226,0.8619126,10.0269165,,,,,,,
1192,,,,0.08522376,0.08309316,-0.06178722,,,,
1197,,,,0.1043991,0.068179004,-0.045807768,,,,
1202,-1.3503298,0.92895025,10.036493,,,,,,,
1203,,,,0.117182665,0.057526033,-0.02769772,,,,
1204,,,,,,,48.375,-16.4375,-41.9375,
1207,,,,0.12357444,0.046873067,-0.007457078,,,,
1212,-1.2545617,0.79487497,10.132261,,,,,,,
1212,,,,0.13422741,0.04154658,0.01384886,,,,
1217,,,,0.14701098,0.033024207,0.03728539,,,,
1222,-1.0055647,0.81402856,10.218452,,,,,,,
1222,,,,0.17151281,0.02130594,0.05646074,,,,
1225,,,,,,,48.4375,-16.3125,-41.9375,
1227,,,,0.19494934,0.008522376,0.064983115,,,,
1232,-0.89064306,0.8619126,10.141838,,,,,,,
1232,,,,0.21305938,-0.009587673,0.063917816,,,,
1237,,,,0.22690825,-0.023436533,0.06285252,,,,
1242,-0.78529817,0.89064306,10.0269165,,,,,,,
1242,,,,0.23330003,-0.034089502,0.05646074,,,,
1243,,,,,,,48.375,-16.3125,-41.9375,
1247,,,,0.23223473,-0.040481284,0.04900366,,,,
1252,-0.7757214,1.0151415,9.816227,,,,,,,
1253,,,,0.23010413,-0.046873067,0.03835069,,,,
1257,,,,0.21518998,-0.053264845,0.026632423,,,,
1262,-0.7757214,0.9576807,9.528923,,,,,,,
1263,,,,0.19707993,-0.060721926,0.012783563,,,,
1264,,,,,,,48.375,-16.1875,-41.6875,
1267,,,,0.16831692,-0.07563608,-0.003195891,,,,
1272,-0.641646,0.93852705,9.097966,,,,,,,
1273,,,,0.12890093,-0.10120321,-0.03089361,,,,
1277,,,,0.0692443,-0.12463974,-0.063917816,,,,
1282,-0.5650316,0.7757214,8.820239,,,,,,,
1283,,,,-0.007457078,-0.16085984,-0.1043991,,,,
1284,,,,,,,48.25,-16.1875,-41.5625,
1287,,,,-0.09587672,-0.2077329,-0.14701098,,,,
1292,-0.35434186,0.51714754,8.839393,,,,,,,
1292,,,,-0.2077329,-0.27271602,-0.2056023,,,,
1297,,,,-0.33876443,-0.3526133,-0.27058542,,,,
1303,-0.02873042,0.21068975,9.873688,,,,,,,
1304,,,,-0.487906,-0.43464115,-0.3451562,,,,
1305,,,,,,,48.3125,-16.1875,-41.5,
1307,,,,-0.64450467,-0.487906,-0.42292288,,,,
1312,0.06703765,-0.2681506,11.559206,,,,,,,
1312,,,,-0.789385,-0.50495076,-0.49216717,,,,
1317,,,,-0.8948494,-0.47086126,-0.54117084,,,,
1323,-0.33518824,-0.7374141,13.177686,,,,,,,
1323,,,,-0.95663667,-0.40055165,-0.5656727,,,,
1324,,,,,,,48,-16.5,-41.5,
1327,,,,-0.95876724,-0.29189137,-0.56247675,,,,
1332,-0.5650316,-1.1204864,14.164097,,,,,,,
1332,,,,-0.89271885,-0.16512102,-0.5198649,,,,
1337,,,,-0.760622,-0.043677174,-0.4516859,,,,
1342,-0.6703765,-1.2449849,13.905523,,,,,,,
1343,,,,-0.57952154,0.054330144,-0.36220095,,,,
1343,,,,,,,47.9375,-16.375,-41.4375,
1347,,,,-0.35474387,0.10759499,-0.26738954,,,,
1352,-0.4405331,-0.79487497,12.794614,,,,,,,
1352,,,,-0.11292148,0.11185618,-0.18216577,,,,
1357,,,,0.12677033,0.07244019,-0.117182665,,,,
1362,-0.2777274,-0.22026655,11.233594,,,,,,,
1363,,,,0.33343795,0.007457078,-0.07670138,,,,
1364,,,,,,,47.75,-16.0625,-41.3125,
1367,,,,0.50388545,-0.07350549,-0.057526033,,,,
1372,-0.019153614,0.20111294,9.615114,,,,,,,
1372,,,,0.63385165,-0.14061919,-0.057526033,,,,
1377,,,,0.7169448,-0.17683929,-0.07137489,,,,
1382,0.019153614,0.38307226,8.293514,,,,,,,
1383,,,,0.74464256,-0.19175345,-0.092680834,,,,
1383,,,,,,,47.375,-15.875,-41.4375,
1387,,,,0.7265325,-0.18110047,-0.116117366,,,,
1392,-0.21068975,0.6799533,7.374141,,,,,,,
1392,,,,0.68179005,-0.15872924,-0.14594568,,,,
1397,,,,0.61787224,-0.117182665,-0.1736434,,,,
1402,-0.47884035,0.6607997,6.895301,,,,,,,
1402,,,,0.5401055,-0.064983115,-0.20027582,,,,
1403,,,,,,,47.125,-15.5,-41.375,
1407,,,,0.44422883,-0.008522376,-0.21945117,,,,
1412,-0.59376204,0.6703765,6.9719152,,,,,,,
1412,,,,0.35474387,0.044742472,-0.22797355,,,,
1417,,,,0.2759119,0.09694202,-0.23116943,,,,
1422,-0.641646,0.6991069,7.1826053,,,,,,,
1423,,,,0.22477765,0.12357444,-0.23756121,,,,
1424,,,,,,,46.5625,-15.375,-41.6875,
1427,,,,0.2066676,0.12783563,-0.23862651,,,,
1432,-0.59376204,0.59376204,7.393295,,,,,,,
1432,,,,0.21732058,0.092680834,-0.23436533,,,,
1437,,,,0.24075711,0.03835069,-0.23223473,,,,
1442,-0.4405331,0.5650316,7.7189064,,,,,,,
1443,,,,0.26738954,-0.025567126,-0.23116943,,,,
1443,,,,,,,46.125,-15.3125,-41.75,
1447,,,,0.28549957,-0.07989727,-0.22903883,,,,
1452,-0.17238252,0.47884035,8.015787,,,,,,,
1452,,,,0.29508725,-0.13529271,-0.23223473,,,,
1457,,,,0.29721785,-0.17790459,-0.24075711,,,,
1462,0.12449849,0.4309563,8.331821,,,,,,,
1463,,,,0.29828313,-0.21838588,-0.25780186,,,,
1464,,,,,,,45.8125,-15.25,-41.9375,
1467,,,,0.29295665,-0.2428877,-0.2780425,,,,
1472,0.38307226,0.33518824,8.590396,,,,,,,
1472,,,,0.27058542,-0.25673655,-0.30467492,,,,
1477,,,,0.23116943,-0.26099774,-0.34089503,,,,
1482,0.41180268,0.2873042,8.944737,,,,,,,
1482,,,,0.1736434,-0.25673655,-0.3813763,,,,
1483,,,,,,,45.375,-15.1875,-42.1875,
1487,,,,0.10120321,-0.243953,-0.4218576,,,,
1492,0.35434186,0.11492168,9.442732,,,,,,,
1492,,,,0.019175345,-0.2056023,-0.4548818,,,,
1497,,,,-0.064983115,-0.14381509,-0.4836448,,,,
1503,0.15322891,-0.05746084,9.873688,,,,,,,
1503,,,,-0.14381509,-0.06178722,-0.4932325,,,,
1504,,,,,,,45.125,-15.375,-42.25,
1507,,,,-0.2119941,0.02769772,-0.4911019,,,,
1512,-0.08619126,-0.22026655,10.189722,,,,,,,
1512,,,,-0.26099774,0.117182665,-0.47831833,,,,
1517,,,,-0.2844343,0.18110047,-0.4538165,,,,
1523,-0.32561144,-0.35434186,10.486604,,,,,,,
1523,,,,-0.2737813,0.21838588,-0.4218576,,,,
1524,,,,,,,44.875,-15.5,-42.3125,
1527,,,,-0.23223473,0.22264706,-0.3771151,,,,
1532,-0.45968673,-0.45968673,10.304645,,,,,,,
1532,,,,-0.16725162,0.19707993,-0.32811147,,,,
1537,,,,-0.08415846,0.14061919,-0.26952013,,,,
1542,-0.46926352,-0.45010993,10.007763,,,,,,,
1543,,,,0.018110048,0.07137489,-0.21412468,,,,
1543,,,,,,,44.8125,-15.5,-42.375,
1547,,,,0.11292148,-0.001065297,-0.15872924,,,,
1552,-0.38307226,-0.18195933,9.5385,,,,,,,
1552,,,,0.19175345,-0.063917816,-0.116117366,,,,
1557,,,,0.23756121,-0.11505207,-0.07776668,,,,
1562,-0.22026655,0.095768064,8.810662,,,,,,,
1562,,,,0.25460598,-0.16299044,-0.045807768,,,,
1563,,,,,,,44.5625,-15.625,-42.375,
1567,,,,0.24501829,-0.19494934,-0.025567126,,,,
1572,-0.038307227,0.33518824,8.494628,,,,,,,
1573,,,,0.21412468,-0.2119941,-0.018110048,,,,
1577,,,,0.17151281,-0.2098635,-0.01384886,,,,
1583,-0.12449849,0.545878,8.389283,,,,,,,
1583,,,,,,,44.4375,-15.375,-42.125,
1583,,,,0.12144385,-0.19388404,-0.008522376,,,,
1587,,,,0.067113705,-0.16085984,0.002130594,,,,
1592,-0.1436521,0.6799533,8.312668,,,,,,,
1592,,,,0.01065297,-0.12570503,0.009587673,,,,
1597,,,,-0.044742472,-0.09055024,0.026632423,,,,
1603,-0.17238252,0.8619126,8.418014,,,,,,,
1603,,,,-0.08628905,-0.060721926,0.04793836,,,,
1604,,,,,,,44.125,-15.1875,-42.125,
1607,,,,-0.113986775,-0.05219955,0.07137489,,,,
1612,-0.12449849,0.9864111,8.580819,,,,,,,
1612,,,,-0.120378554,-0.054330144,0.09374613,,,,
1617,,,,-0.11079088,-0.067113705,0.113986775,,,,
1623,-0.095768064,1.1109096,8.724471,,,,,,,
1624,,,,-0.09374613,-0.08096257,0.14274979,,,,
1625,,,,,,,43.9375,-15.125,-42.0625,
1627,,,,-0.0692443,-0.08628905,0.15979454,,,,
1632,-0.009576807,1.2449849,8.714894,,,,,,,
1632,,,,-0.046873067,-0.09907261,0.18536167,,,,
1637,,,,-0.026632423,-0.1043991,0.2066676,,,,
1642,0.1436521,1.340753,8.647857,,,,,,,
1643,,,,-0.009587673,-0.10972559,0.22371235,,,,
1643,,,,,,,44,-14.9375,-41.9375,
1647,,,,-0.001065297,-0.10652969,0.23436533,,,,
1652,0.30645782,1.532289,8.571242,,,,,,,
1653,,,,0.001065297,-0.1033338,0.24075711,,,,
1658,,,,-0.003195891,-0.094811425,0.24075711,,,,
1658,,,,,,,,,,73
1662,0.60333884,1.6089035,8.485051,,,,,,,
1662,,,,-0.01065297,-0.089484945,0.23223473,,,,
1663,,,,,,,43.6875,-14.875,-42.125,
1667,,,,-0.023436533,-0.070309594,0.21625528,,,,
1672,0.80445176,1.8004397,8.485051,,,,,,,
1673,,,,-0.043677174,-0.044742472,0.18855755,,,,
1677,,,,-0.07457078,-0.01065297,0.15659864,,,,
1683,0.9959879,1.9153614,8.6095495,,,,,,,
1683,,,,-0.119313255,0.04793836,0.120378554,,,,
1684,,,,,,,43.375,-15.0625,-42.1875,
1687,,,,-0.16618632,0.12144385,0.07883197,,,,
1692,0.9768343,2.0207062,8.772355,,,,,,,
1692,,,,-0.22051647,0.21838588,0.035154797,,,,
1697,,,,-0.2801731,0.32171968,-0.009587673,,,,
1703,0.51714754,1.982399,8.954314,,,,,,,
1703,,,,,,,43.1875,-15.125,-42.25,
1704,,,,-0.33769912,0.4112046,-0.04261188,,,,
1707,,,,-0.3835069,0.47938362,-0.06178722,,,,
1712,0.08619126,1.6663644,9.174581,,,,,,,
1712,,,,-0.3877681,0.52093023,-0.064983115,,,,
1717,,,,-0.3504827,0.5198649,-0.045807768,,,,
1722,-0.22984336,1.436521,9.500193,,,,,,,
1723,,,,-0.2769772,0.47938362,-0.012783563,,,,
1724,,,,,,,42.9375,-15.125,-42.3125,
1727,,,,-0.1725781,0.40800872,0.026632423,,,,
1732,-0.39264908,1.4077905,9.624691,,,,,,,
1732,,,,-0.05113425,0.32385027,0.0692443,,,,
1737,,,,0.064983115,0.23649593,0.10120321,,,,
1742,-0.39264908,1.3599066,9.586384,,,,,,,
1743,,,,0.16192514,0.16299044,0.12996623,,,,
1743,,,,,,,42.875,-15.375,-42.4375,
1747,,,,0.22903883,0.092680834,0.15446806,,,,
1752,-0.2681506,1.340753,9.548077,,,,,,,
1753,,,,0.2737813,0.035154797,0.17896989,,,,
1757,,,,0.30041373,-0.009587673,0.19281875,,,,
1762,-0.10534488,1.3215994,9.682152,,,,,,,
1763,,,,0.30680552,-0.031958908,0.19601464,,,,
1763,,,,,,,43,-15.3125,-42.4375,
1767,,,,0.28336897,-0.02769772,0.19068815,,,,
1772,-0.08619126,1.2737153,9.911995,,,,,,,
1772,,,,0.23969181,-0.001065297,0.18003519,,,,
1777,,,,0.18962285,0.043677174,0.16938221,,,,
1782,-0.11492168,1.2545617,10.43872,,,,,,,
1783,,,,0.14914156,0.09800732,0.15766394,,,,
1783,,,,,,,42.875,-15.25,-42.4375,
1787,,,,0.1395539,0.15659864,0.14701098,,,,
1792,-0.39264908,1.1683705,10.783484,,,,,,,
1793,,,,0.14701098,0.22371235,0.14274979,,,,
1797,,,,0.16512102,0.2865649,0.14594568,,,,
1803,-0.61291564,1.043872,10.7356,,,,,,,
1803,,,,0.18642697,0.34089503,0.15659864,,,,
1804,,,,,,,42.875,-15.3125,-42.3125,
1807,,,,0.21945117,0.36965802,0.17896989,,,,
1812,-0.94810385,0.8810662,10.409989,,,,,,,
1812,,,,0.26419365,0.37072334,0.20240642,,,,
1817,,,,0.3142626,0.33663383,0.23010413,,,,
1823,-1.0247183,0.7757214,10.170568,,,,,,,
1823,,,,0.3771151,0.26632422,0.25141007,,,,
1824,,,,,,,42.8125,-15.25,-42.3125,
1827,,,,0.43783703,0.17151281,0.27165073,,,,
1832,-1.0342951,0.6607997,9.77792,,,,,,,
1832,,,,0.4825795,0.058591332,0.28549957,,,,
1837,,,,0.50068957,-0.040481284,0.29295665,,,,
1843,-0.8810662,0.62249243,9.615114,,,,,,,
1843,,,,0.4932325,-0.12783563,0.29934844,,,,
1844,,,,,,,42.875,-15.3125,-42.125,
1847,,,,0.45914298,-0.19601464,0.30360964,,,,
1852,-0.49799395,0.7565677,9.768343,,,,,,,
1853,,,,0.39842105,-0.25354066,0.29189137,,,,
1857,,,,0.3142626,-0.29721785,0.26099774,,,,
1863,-0.095768064,0.7469909,10.228029,,,,,,,
1863,,,,0.2056023,-0.3185238,0.2098635,,,,
1864,,,,,,,42.6875,-15.4375,-41.875,
1867,,,,0.089484945,-0.33663383,0.14381509,,,,
1872,0.31603462,0.49799395,11.042058,,,,,,,
1873,,,,-0.034089502,-0.3504827,0.0692443,,,,
1877,,,,-0.15127216,-0.3462215,-0.005326485,,,,
1883,0.48841715,0.24899697,11.894394,,,,,,,
1883,,,,-0.27165073,-0.32278496,-0.07670138,,,,
1884,,,,,,,42.75,-15.6875,-41.875,
1888,,,,-0.3856375,-0.29082605,-0.14061919,,,,
1892,0.2681506,-0.1340753,12.717999,,,,,,,
1893,,,,-0.47725302,-0.24927948,-0.18855755,,,,
1897,,,,-0.5305179,-0.21945117,-0.21732058,,,,
1903,0.009576807,-0.40222588,13.445837,,,,,,,
1903,,,,-0.5486279,-0.18855755,-0.23010413,,,,
1904,,,,,,,42.75,-15.875,-41.9375,
1907,,,,-0.5241261,-0.17683929,-0.22797355,,,,
1912,-0.23942018,-0.6512229,13.88637,,,,,,,
1912,,,,-0.46340418,-0.17790459,-0.2109288,,,,
1917,,,,-0.36646214,-0.18749227,-0.18216577,,,,
1923,-0.48841715,-0.81402856,13.800179,,,,,,,
1924,,,,-0.23862651,-0.19068815,-0.14381509,,,,
1925,,,,,,,42.375,-16.0625,-41.875,
1927,,,,-0.09374613,-0.18216577,-0.09800732,,,,
1932,-0.545878,-0.6512229,12.842498,,,,,,,
1932,,,,0.039415985,-0.15979454,-0.053264845,,,,
1937,,,,0.16192514,-0.10759499,-0.004261188,,,,
1943,-0.6703765,-0.41180268,11.405977,,,,,,,
1943,,,,0.25141007,-0.060721926,0.040481284,,,,
1944,,,,,,,42.0625,-16.375,-41.8125,
1947,,,,0.31958908,-0.03089361,0.07670138,,,,
1952,-0.58418524,-0.047884032,9.873688,,,,,,,
1953,,,,0.37285393,-0.017044751,0.09587672,,,,
1957,,,,0.40374753,-0.015979454,0.09800732,,,,
1963,-0.5746084,0.18195933,8.437167,,,,,,,
1963,,,,0.40055165,-0.017044751,0.08309316,,,,
1964,,,,,,,41.75,-16.5,-42,
1967,,,,0.3504827,-0.01065297,0.06178722,,,,
1972,-0.641646,0.29688102,7.5082164,,,,,,,
1973,,,,0.25673655,0.003195891,0.033024207,,,,
1977,,,,0.1374233,0.029828314,0.004261188,,,,
1983,-0.80445176,0.33518824,7.3549876,,,,,,,
1983,,,,0.018110048,0.05539544,-0.020240642,,,,
1984,,,,,,,41.6875,-16.8125,-41.9375,
1987,,,,-0.08735435,0.07776668,-0.03728539,,,,
1992,-1.091756,0.1436521,7.6614456,,,,,,,
1993,,,,-0.15979454,0.10759499,-0.04793836,,,,
1997,,,,-0.19921052,0.1374233,-0.043677174,,,,
2003,-1.388637,-0.009576807,7.8529816,,,,,,,
2004,,,,-0.21625528,0.17044751,-0.025567126,,,,
2005,,,,,,,41.375,-16.8125,-42.1875,
2007,,,,-0.2056023,0.19068815,0.011718267,,,,
2012,-1.4460979,-0.095768064,7.9104424,,,,,,,
2012,,,,-0.1725781,0.19068815,0.058591332,,,,
2017,,,,-0.12357444,0.16938221,0.1033338,,,,
2023,-1.292869,-0.05746084,7.690176,,,,,,,
2023,,,,-0.060721926,0.13422741,0.14807628,,,,
2024,,,,,,,41.1875,-16.875,-42.375,
2028,,,,-0.011718267,0.089484945,0.18323107,,,,
2033,-1.1109096,-0.05746084,7.517793,,,,,,,
2033,,,,0.019175345,0.054330144,0.2119941,,,,
2038,,,,0.026632423,0.018110048,0.23010413,,,,
2043,-0.7757214,-0.047884032,7.4124484,,,,,,,
2043,,,,0.019175345,-0.009587673,0.23649593,,,,
2044,,,,,,,41,-16.75,-42.375,
2047,,,,-0.001065297,-0.015979454,0.23330003,,,,
2052,-0.38307226,0.038307227,7.632715,,,,,,,
2052,,,,-0.036220096,-0.015979454,0.21625528,,,,
2057,,,,-0.089484945,0,0.18003519,,,,
2065,-0.34476504,0.06703765,8.0924015,,,,,,,
2065,,,,-0.15766394,0.019175345,0.13529271,,,,
2067,,,,,,,40.875,-16.5625,-42.25,
2068,,,,-0.22051647,0.04154658,0.091615535,,,,
2073,-0.545878,-0.02873042,8.552089,,,,,,,
2073,,,,-0.25780186,0.05646074,0.06178722,,,,
2077,,,,-0.26525894,0.057526033,0.045807768,,,,
2083,-0.7565677,-0.1340753,8.925584,,,,,,,
2084,,,,-0.24714889,0.054330144,0.040481284,,,,
2085,,,,,,,40.6875,-16.4375,-42.4375,
2087,,,,-0.22158176,0.045807768,0.045807768,,,,
2092,-0.842759,-0.18195933,8.983045,,,,,,,
2093,,,,-0.19707993,0.03089361,0.05539544,,,,
2098,,,,-0.1725781,0.005326485,0.0692443,,,,
2103,-0.82360536,-0.22984336,8.983045,,,,,,,
2103,,,,-0.15127216,-0.022371236,0.08415846,,,,
2104,,,,,,,40.5625,-16.4375,-42.5,
2107,,,,-0.13635801,-0.03835069,0.1022685,,,,
2113,-0.7374141,-0.24899697,8.992621,,,,,,,
2113,,,,-0.12677033,-0.04793836,0.11079088,,,,
2117,,,,-0.12463974,-0.06285252,0.120378554,,,,
2124,-0.61291564,-0.19153613,9.097966,,,,,,,
2124,,,,-0.12677033,-0.07670138,0.12357444,,,,
2125,,,,,,,40.4375,-16.3125,-42.6875,
2128,,,,-0.13209683,-0.088419646,0.11824796,,,,
2133,-0.51714754,-0.22984336,9.136273,,,,,,,
2133,,,,-0.1374233,-0.089484945,0.11292148,,,,
2140,,,,-0.1384886,-0.08522376,0.10866029,,,,
2143,-0.51714754,-0.11492168,9.184157,,,,,,,
2144,,,,,,,40,-16,-42.6875,
2145,,,,-0.14061919,-0.07137489,0.1043991,,,,
2147,,,,-0.1395539,-0.06178722,0.09907261,,,,
2152,-0.39264908,0.019153614,9.14585,,,,,,,
2152,,,,-0.1384886,-0.057526033,0.09907261,,,,
2158,,,,-0.13635801,-0.05646074,0.091615535,,,,
2163,-0.41180268,0.11492168,8.935161,,,,,,,
2164,,,,,,,39.9375,-16,-42.75,
2165,,,,-0.1374233,-0.059656627,0.08522376,,,,
2168,,,,-0.13529271,-0.06285252,0.08202787,,,,
2173,-0.49799395,0.22984336,8.8777,,,,,,,
2173,,,,-0.13422741,-0.06178722,0.08096257,,,,
2178,,,,-0.13529271,-0.05646074,0.08522376,,,,
2183,-0.5363012,0.30645782,8.8777,,,,,,,
2184,,,,-0.12996623,-0.046873067,0.09374613,,,,
2185,,,,,,,39.6875,-15.9375,-42.6875,
2188,,,,-0.12570503,-0.03835069,0.1054644,,,,
2192,-0.5650316,0.4405331,8.599973,,,,,,,
2193,,,,-0.116117366,-0.03835069,0.11505207,,,,
2198,,,,-0.1033338,-0.043677174,0.13316211,,,,
2203,-0.60333884,0.60333884,8.619126,,,,,,,
2203,,,,-0.08628905,-0.060721926,0.14701098,,,,
2204,,,,,,,39.5,-15.9375,-42.75,
2207,,,,-0.067113705,-0.07883197,0.15979454,,,,
2212,-0.545878,0.80445176,8.437167,,,,,,,
2213,,,,-0.054330144,-0.09374613,0.16725162,,,,
2217,,,,-0.05113425,-0.1043991,0.16938221,,,,
2223,-0.36391866,0.90979666,8.42759,,,,,,,
2223,,,,-0.06285252,-0.1033338,0.16725162,,,,
2224,,,,,,,39.125,-16,-43,
2228,,,,-0.091615535,-0.08522376,0.15659864,,,,
2232,,,,,,,,,,55
2233,-0.40222588,0.94810385,8.580819,,,,,,,
2233,,,,-0.12996623,-0.05646074,0.14488038,,,,
2238,,,,-0.17151281,-0.029828314,0.12463974,,,,
2243,-0.5554548,0.94810385,8.829816,,,,,,,
2244,,,,-0.19707993,-0.015979454,0.10866029,,,,
2245,,,,,,,38.875,-16.0625,-42.6875,
2248,,,,-0.20240642,-0.01384886,0.09587672,,,,
2255,-0.7469909,0.8810662,9.193734,,,,,,,
2256,,,,-0.17896989,-0.02450183,0.094811425,,,,
2258,,,,-0.1395539,-0.043677174,0.10652969,,,,
2263,-0.94810385,0.89064306,9.423578,,,,,,,
2264,,,,-0.08415846,-0.06178722,0.120378554,,,,
2265,,,,,,,38.75,-15.9375,-42.9375,
2268,,,,-0.029828314,-0.07563608,0.14061919,,,,
2273,-1.043872,0.89064306,9.423578,,,,,,,
2274,,,,0.02130594,-0.08522376,0.16299044,,,,
2278,,,,0.067113705,-0.08735435,0.18429637,,,,
2284,-0.9864111,0.92895025,9.174581,,,,,,,
2284,,,,0.09587672,-0.07563608,0.2077329,,,,
2285,,,,,,,38.5625,-15.9375,-42.8125,
2288,,,,0.117182665,-0.06285252,0.22797355,,,,
2293,-0.92895025,0.9864111,9.165004,,,,,,,
2293,,,,0.12144385,-0.053264845,0.2428877,,,,
2298,,,,0.12144385,-0.043677174,0.25673655,,,,
2303,-0.7374141,1.0151415,9.11712,,,,,,,
2303,,,,0.11505207,-0.04900366,0.25673655,,,,
2304,,,,,,,38.5625,-15.9375,-42.75,
2308,,,,0.113986775,-0.059656627,0.25247538,,,,
2313,-0.59376204,1.0342951,9.337387,,,,,,,
2313,,,,0.12144385,-0.07776668,0.23756121,,,,
2318,,,,0.13103153,-0.10013791,0.21412468,,,,
2323,-0.59376204,1.0055647,9.634268,,,,,,,
2323,,,,0.14807628,-0.12890093,0.18749227,,,,
2324,,,,,,,38.375,-16.0625,-42.6875,
2328,,,,0.1736434,-0.14488038,0.16512102,,,,
2333,-0.59376204,0.89064306,9.864111,,,,,,,
2334,,,,0.19494934,-0.15233746,0.14807628,,,,
2338,,,,0.2066676,-0.15979454,0.12996623,,,,
2343,-0.6607997,0.7182605,10.04607,,,,,,,
2343,,,,0.2056023,-0.15127216,0.117182665,,,,
2344,,,,,,,38.1875,-15.9375,-42.8125,
2348,,,,0.19388404,-0.12677033,0.10652969,,,,
2353,-0.6991069,0.5363012,10.381259,,,,,,,
2353,,,,0.17044751,-0.091615535,0.09694202,,,,
2358,,,,0.14381509,-0.039415985,0.094811425,,,,
2364,-0.7661445,0.31603462,10.5440645,,,,,,,
2364,,,,0.12144385,0.017044751,0.09694202,,,,
2368,,,,0.11292148,0.0692443,0.10759499,,,,
2373,-0.8714894,0.11492168,10.668563,,,,,,,
2373,,,,0.11824796,0.1054644,0.11505207,,,,
2378,,,,0.12677033,0.122509144,0.12783563,,,,
2385,-0.8331822,0.038307227,10.697293,,,,,,,
2385,,,,0.14168449,0.13209683,0.14168449,,,,
2387,,,,,,,37.875,-15.9375,-42.9375,
2388,,,,0.15766394,0.13529271,0.15659864,,,,
2393,-0.9672575,-0.047884032,10.515334,,,,,,,
2393,,,,0.17151281,0.12996623,0.16618632,,,,
2398,,,,0.19175345,0.120378554,0.175774,,,,
2403,-0.9768343,-0.06703765,10.496181,,,,,,,
2403,,,,0.21625528,0.10013791,0.18429637,,,,
2404,,,,,,,37.8125,-16.1875,-43.0625,
2408,,,,0.24501829,0.07457078,0.19175345,,,,
2413,-1.0630256,0.009576807,10.25676,,,,,,,
2413,,,,0.26738954,0.03728539,0.19707993,,,,
2418,,,,0.2844343,-0.011718267,0.19707993,,,,
2423,-1.0342951,0.038307227,9.892841,,,,,,,
2424,,,,0.29189137,-0.068179004,0.19814523,,,,
2424,,,,,,,,,,53
2425,,,,,,,37.75,-16.4375,-42.8125,
2427,,,,0.29508725,-0.13103153,0.19281875,,,,
2433,-0.8523358,0.17238252,9.691729,,,,,,,
2433,,,,0.2801731,-0.18749227,0.18855755,,,,
2437,,,,0.243953,-0.22264706,0.17790459,,,,
2443,-0.50757074,0.29688102,9.548077,,,,,,,
2444,,,,0.18536167,-0.243953,0.15872924,,,,
2444,,,,,,,37.5625,-16.625,-42.8125,
2448,,,,0.11292148,-0.25673655,0.12890093,,,,
2453,-0.019153614,0.39264908,9.5385,,,,,,,
2453,,,,0.036220096,-0.25886714,0.08202787,,,,
2458,,,,-0.040481284,-0.26419365,0.02450183,,,,
2463,0.35434186,0.2777274,9.548077,,,,,,,
2464,,,,-0.122509144,-0.2801731,-0.04261188,,,,
2465,,,,,,,37.25,-16.9375,-42.75,
2468,,,,-0.21518998,-0.3142626,-0.12144385,,,,
2473,0.61291564,0,9.873688,,,,,,,
2473,,,,-0.33130735,-0.35367858,-0.21305938,,,,
2477,,,,-0.46979594,-0.38670278,-0.30893612,,,,
2483,0.7278373,-0.47884035,10.840945,,,,,,,
2484,,,,-0.61041516,-0.40481284,-0.40268224,,,,
2484,,,,,,,37,-16.9375,-42.75,
2487,,,,-0.74357724,-0.39415985,-0.4868407,,,,
2492,0.4213795,-0.93852705,11.894394,,,,,,,
2493,,,,-0.85436815,-0.35580918,-0.5603462,,,,
2498,,,,-0.92574304,-0.3078708,-0.6072193,,,,
2503,-0.22026655,-1.4077905,12.823344,,,,,,,
2504,,,,-0.94704896,-0.26738954,-0.62639457,,,,
2505,,,,,,,36.75,-17.25,-42.875,
2508,,,,-0.9097636,-0.23330003,-0.6157416,,,,
2512,-0.6991069,-1.8100165,13.464991,,,,,,,
2513,,,,-0.8138869,-0.22584295,-0.56354207,,,,
2518,,,,-0.6796594,-0.23436533,-0.48044893,,,,
2523,-0.93852705,-1.8962077,13.378799,,,,,,,
2524,,,,-0.50495076,-0.24821419,-0.3781804,,,,
2525,,,,,,,36.3125,-17.25,-42.8125,
2528,,,,-0.3185238,-0.25354066,-0.2748466,,,,
2533,-0.6799533,-1.5993267,12.74673,,,,,,,
2533,,,,-0.12677033,-0.25673655,-0.16831692,,,,
2538,,,,0.053264845,-0.25247538,-0.07776668,,,,
2543,-0.16280572,-1.1204864,11.57836,,,,,,,
2544,,,,,,,36.1875,-17.25,-42.875,
2545,,,,0.19921052,-0.23010413,-0.003195891,,,,
2548,,,,0.29082605,-0.18962285,0.04261188,,,,
2553,0.23942018,-0.7182605,10.381259,,,,,,,
2553,,,,0.32917675,-0.1384886,0.064983115,,,,
2557,,,,0.33237264,-0.07137489,0.07137489,,,,
2563,0.36391866,-0.2681506,9.56723,,,,,,,
2563,,,,0.33237264,-0.002130594,0.06178722,,,,
2564,,,,,,,35.875,-17.0625,-42.8125,
2568,,,,0.3462215,0.059656627,0.053264845,,,,
2572,0.39264908,0.019153614,8.801085,,,,,,,
2573,,,,0.37072334,0.113986775,0.03835069,,,,
2577,,,,0.39629045,0.15127216,0.022371236,,,,
2583,0.16280572,0.2777274,7.9104424,,,,,,,
2584,,,,0.41440052,0.18216577,0.008522376,,,,
2584,,,,,,,35.125,-16.8125,-43,
2587,,,,0.41440052,0.20240642,0,,,,
2592,0.047884032,0.51714754,7.1730285,,,,,,,
2593,,,,0.40800872,0.21838588,-0.007457078,,,,
2598,,,,0.39309457,0.21625528,-0.01065297,,,,
2603,0.019153614,0.6512229,6.7803793,,,,,,,
2604,,,,0.3771151,0.19601464,-0.019175345,,,,
2604,,,,,,,34.9375,-16.6875,-43,
2607,,,,0.36326626,0.15446806,-0.02769772,,,,
2613,0.12449849,0.7757214,6.655881,,,,,,,
2614,,,,0.351548,0.09907261,-0.044742472,,,,
2614,,,,,,,,,,44
2620,,,,0.33769912,0.029828314,-0.06604841,,,,
2623,0.2873042,0.7469909,6.8186865,,,,,,,
2623,,,,0.31319728,-0.035154797,-0.08522376,,,,
2624,,,,,,,34.875,-16.5,-43.1875,
2628,,,,0.28336897,-0.10013791,-0.116117366,,,,
2633,0.5363012,0.7182605,7.3549876,,,,,,,
2634,,,,0.24608359,-0.15872924,-0.15340276,,,,
2638,,,,0.21518998,-0.20240642,-0.19601464,,,,
2643,0.6991069,0.6512229,7.872135,,,,,,,
2643,,,,0.18003519,-0.21625528,-0.25034478,,,,
2644,,,,,,,34.6875,-16.5,-43.3125,
2648,,,,0.14168449,-0.2098635,-0.30254433,,,,
2653,0.7374141,0.40222588,8.465898,,,,,,,
2654,,,,0.089484945,-0.19068815,-0.35474387,,,,
2658,,,,0.026632423,-0.1747087,-0.39948636,,,,
2663,0.63206923,0.16280572,9.011775,,,,,,,
2663,,,,-0.035154797,-0.15766394,-0.43996763,,,,
2664,,,,,,,34.5,-16.4375,-43.375,
2667,,,,-0.09374613,-0.14381509,-0.47618774,,,,
2673,0.50757074,-0.10534488,9.768343,,,,,,,
2673,,,,-0.14381509,-0.12463974,-0.50814664,,,,
2678,,,,-0.18962285,-0.1043991,-0.5315832,,,,
2683,0.2681506,-0.30645782,10.477027,,,,,,,
2685,,,,,,,34.3125,-16.625,-43.3125,
2686,,,,-0.22371235,-0.07244019,-0.5443667,,,,
2688,,,,-0.2428877,-0.025567126,-0.5443667,,,,
2692,0.05746084,-0.47884035,11.003751,,,,,,,
2693,,,,-0.24501829,0.029828314,-0.53690964,,,,
2698,,,,-0.22584295,0.089484945,-0.5145384,,,,
2706,-0.095768064,-0.5650316,11.089942,,,,,,,
2707,,,,-0.15979454,0.19494934,-0.4527512,,,,
2708,,,,,,,34.1875,-16.75,-43.25,
2708,,,,-0.15979454,0.19494934,-0.4527512,,,,
2712,-0.24899697,-0.5363012,10.67814,,,,,,,
2713,,,,-0.11505207,0.22371235,-0.4175964,,,,
2718,,,,-0.070309594,0.23436533,-0.37604982,,,,
2723,-0.21068975,-0.34476504,10.065224,,,,,,,
2723,,,,-0.022371236,0.22264706,-0.3398297,,,,
2724,,,,,,,33.9375,-16.75,-43.3125,
2727,,,,0.017044751,0.20027582,-0.30893612,,,,
2733,-0.24899697,-0.095768064,9.414001,,,,,,,
2733,,,,0.044742472,0.17683929,-0.28336897,,,,
2738,,,,0.053264845,0.15553336,-0.26419365,,,,
2743,-0.22026655,0.20111294,8.8777,,,,,,,
2743,,,,0.045807768,0.14701098,-0.25247538,,,,
2744,,,,,,,34,-16.9375,-43.25,
2748,,,,0.035154797,0.14594568,-0.2428877,,,,
2753,-0.2873042,0.40222588,8.513782,,,,,,,
2753,,,,0.023436533,0.15127216,-0.23330003,,,,
2757,,,,0.011718267,0.15233746,-0.22264706,,,,
2763,-0.41180268,0.5554548,8.1881695,,,,,,,
2764,,,,-0.001065297,0.15659864,-0.2056023,,,,
2765,,,,,,,33.8125,-17.0625,-43.3125,
2768,,,,-0.01065297,0.15872924,-0.18749227,,,,
2774,-0.48841715,0.6991069,7.920019,,,,,,,
2774,,,,-0.033024207,0.16085984,-0.17044751,,,,
2777,,,,-0.059656627,0.16512102,-0.15020686,,,,
2783,-0.49799395,0.8714894,7.8912888,,,,,,,
2784,,,,-0.094811425,0.17790459,-0.12996623,,,,
2784,,,,,,,33.625,-17.0625,-43.125,
2788,,,,-0.12570503,0.18962285,-0.10866029,,,,
2793,-0.5363012,0.9864111,7.843405,,,,,,,
2793,,,,-0.14381509,0.19494934,-0.089484945,,,,
2798,,,,-0.15233746,0.19068815,-0.068179004,,,,
2803,-0.59376204,1.043872,7.872135,,,,,,,
2804,,,,-0.14594568,0.17683929,-0.04793836,,,,
2806,,,,,,,33.375,-17.0625,-43.1875,
2807,,,,,,,,,,55
2813,-0.6607997,1.0726024,8.159439,,,,,,,
2813,,,,-0.117182665,0.13316211,-0.005326485,,,,
2818,,,,-0.10120321,0.1054644,0.020240642,,,,
2823,-0.6799533,1.1683705,8.293514,,,,,,,
2824,,,,-0.08202787,0.08522376,0.045807768,,,,
2825,,,,,,,33.3125,-17.125,-43.0625,
2828,,,,-0.06178722,0.07989727,0.07244019,,,,
2833,-0.63206923,1.1779473,8.360553,,,,,,,
2833,,,,-0.039415985,0.07670138,0.09587672,,,,
2838,,,,-0.02130594,0.07989727,0.117182665,,,,
2844,-0.545878,1.2162545,8.37013,,,,,,,
2845,,,,-0.012783563,0.08096257,0.12996623,,,,
2846,,,,,,,33.3125,-17,-43.0625,
2848,,,,-0.017044751,0.08628905,0.1384886,,,,
2856,-0.50757074,1.2641385,8.39886,,,,,,,
2856,,,,-0.026632423,0.08522376,0.14381509,,,,
2858,,,,-0.040481284,0.08202787,0.14914156,,,,
2863,-0.46926352,1.292869,8.571242,,,,,,,
2864,,,,-0.04900366,0.07776668,0.14807628,,,,
2865,,,,,,,33.25,-16.75,-43.0625,
2868,,,,-0.054330144,0.068179004,0.14701098,,,,
2873,-0.49799395,1.2737153,8.801085,,,,,,,
2873,,,,-0.054330144,0.057526033,0.14914156,,,,
2878,,,,-0.044742472,0.044742472,0.14914156,,,,
2883,-0.45968673,1.1971009,9.241618,,,,,,,
2883,,,,-0.031958908,0.031958908,0.15127216,,,,
2884,,,,,,,33.0625,-16.8125,-43.25,
2888,,,,-0.018110048,0.02450183,0.15446806,,,,
2893,-0.4213795,1.1204864,9.471462,,,,,,,
2893,,,,-0.003195891,0.012783563,0.16299044,,,,
2898,,,,0.017044751,0.01065297,0.1747087,,,,
2903,-0.40222588,1.0055647,9.844957,,,,,,,
2904,,,,0.040481284,0.014914157,0.18429637,,,,
2904,,,,,,,33.0625,-16.9375,-43.1875,
2908,,,,0.060721926,0.026632423,0.19601464,,,,
2913,-0.37349546,0.8619126,10.093954,,,,,,,
2913,,,,0.07883197,0.043677174,0.21305938,,,,
2918,,,,0.08735435,0.06604841,0.23116943,,,,
2923,-0.31603462,0.7565677,10.199299,,,,,,,
2924,,,,0.09055024,0.09800732,0.25247538,,,,
2925,,,,,,,33.0625,-16.75,-43,
2928,,,,0.09800732,0.13529271,0.2769772,,,,
2933,-0.2681506,0.7757214,10.295067,,,,,,,
2934,,,,0.11079088,0.175774,0.29934844,,,,
2938,,,,0.13209683,0.21412468,0.32491556,,,,
2943,-0.24899697,0.80445176,10.266336,,,,,,,
2944,,,,0.15659864,0.25034478,0.34302562,,,,
2945,,,,,,,32.9375,-16.8125,-43,
2948,,,,0.18216577,0.2791078,0.36326626,,,,
2953,-0.25857377,0.89064306,10.141838,,,,,,,
2953,,,,0.21305938,0.30147904,0.3771151,,,,
2958,,,,0.243953,0.3185238,0.3845722,,,,
2963,-0.2681506,1.0534488,9.77792,,,,,,,
2963,,,,0.2791078,0.32811147,0.3920293,,,,
2964,,,,,,,32.875,-17.0625,-43.125,
2968,,,,0.3057402,0.32917675,0.39948636,,,,
2973,-0.33518824,1.0342951,9.615114,,,,,,,
2973,,,,0.33876443,0.32917675,0.40481284,,,,
2978,,,,0.36220095,0.31319728,0.4112046,,,,
2983,-0.32561144,1.0534488,9.442732,,,,,,,
2984,,,,0.3856375,0.29189137,0.4154658,,,,
2985,,,,,,,32.9375,-17.0625,-43.25,
2988,,,,0.40374753,0.2737813,0.4175964,,,,
2993,-0.34476504,0.9672575,9.471462,,,,,,,
2993,,,,0.4239882,0.23969181,0.4154658,,,,
2997,,,,,,,,,,86
2998,,,,0.44209823,0.20347172,0.41653112,,,,
3004,-0.32561144,0.9576807,9.481039,,,,,,,
3004,,,,,,,33,-17.25,-43.25,
3005,,,,0.46340418,0.16618632,0.41226992,,,,
3008,,,,0.46553475,0.15659864,0.40481284,,,,
3013,-0.51714754,0.89064306,9.643845,,,,,,,
3013,,,,0.4506206,0.16618632,0.39415985,,,,
3018,,,,0.42505348,0.18962285,0.39522517,,,,
3024,-0.5650316,0.7374141,9.864111,,,,,,,
3025,,,,,,,33.0625,-17.6875,-43.125,
3026,,,,0.40268224,0.22264706,0.40374753,,,,
3028,,,,0.3877681,0.25460598,0.41440052,,,,
3033,-0.7182605,0.6895301,9.988609,,,,,,,
3033,,,,0.380311,0.2844343,0.42824936,,,,
3038,,,,0.3824416,0.29295665,0.44209823,,,,
3043,-0.842759,0.62249243,10.1226845,,,,,,,
3044,,,,0.39096397,0.29082605,0.46127358,,,,
3045,,,,,,,33.25,-17.875,-43.125,
3048,,,,0.409074,0.2801731,0.47831833,,,,
3053,-0.8810662,0.7278373,10.04607,,,,,,,
3053,,,,0.42505348,0.25886714,0.49429777,,,,
3058,,,,0.43037996,0.23330003,0.5017549,,,,
3063,-0.90979666,0.8523358,9.854534,,,,,,,
3064,,,,0.419727,0.19068815,0.4953631,,,,
3065,,,,,,,33.25,-18,-43.1875,
3068,,,,0.39842105,0.14168449,0.4836448,,,,
3073,-0.7661445,0.8619126,9.710882,,,,,,,
3073,,,,0.36859274,0.088419646,0.46340418,,,,
3078,,,,0.33130735,0.019175345,0.4239882,,,,
3083,-0.46926352,0.60333884,9.710882,,,,,,,
3084,,,,0.26738954,-0.08735435,0.36859274,,,,
3085,,,,,,,33.375,-18.5,-43.25,
3088,,,,0.16725162,-0.21625528,0.28763017,,,,
3093,-0.16280572,0.095768064,10.43872,,,,,,,
3093,,,,0.02450183,-0.3771151,0.19068815,,,,
3098,,,,-0.14594568,-0.5177343,0.07883197,,,,
3104,-0.038307227,-0.545878,12.095507,,,,,,,
3104,,,,-0.3185238,-0.60934985,-0.033024207,,,,
3105,,,,,,,33.4375,-19.0625,-43.3125,
3108,,,,-0.45807767,-0.62639457,-0.12144385,,,,
3113,-0.5650316,-1.1971009,13.838486,,,,,,,
3113,,,,-0.56247675,-0.5816521,-0.18003519,,,,
3118,,,,-0.6231987,-0.4847101,-0.204537,,,,
3124,-1.3120226,-1.7238252,15.006856,,,,,,,
3124,,,,-0.63385165,-0.3440909,-0.19814523,,,,
3125,,,,,,,33.6875,-19.0625,-43.0625,
3128,,,,-0.5901745,-0.17790459,-0.15659864,,,,
3133,-1.8100165,-2.3175871,15.198392,,,,,,,
3133,,,,-0.487906,-0.01384886,-0.07883197,,,,
3138,,,,-0.3440909,0.12996623,0.03089361,,,,
3143,-2.1260512,-2.3942018,14.106636,,,,,,,
3144,,,,-0.17044751,0.23969181,0.14594568,,,,
3145,,,,,,,33.4375,-19.375,-42.875,
3148,,,,0.004261188,0.29934844,0.25460598,,,,
3153,-2.1068976,-1.9919758,12.306197,,,,,,,
3153,,,,0.16192514,0.30254433,0.3451562,,,,
3158,,,,0.28869548,0.2748466,0.409074,,,,
3164,-1.8387469,-1.7429788,10.515334,,,,,,,
3164,,,,0.3781804,0.24075711,0.4527512,,,,
3165,,,,,,,33.1875,-19.75,-42.875,
3168,,,,0.4218576,0.1747087,0.47725302,,,,
3173,-1.7525556,-1.4939818,8.925584,,,,,,,
3173,,,,0.43570644,0.07563608,0.47725302,,,,
3178,,,,0.4218576,-0.03728539,0.46766534,,,,
3183,-1.7908629,-1.1109096,8.101978,,,,,,,
3184,,,,0.3877681,-0.15979454,0.4452941,,,,
3185,,,,,,,33.0625,-19.75,-43,
3188,,,,0.32278496,-0.2769772,0.4112046,,,,
3189,,,,,,,,,,135
3193,-1.9153614,-1.1013328,7.795521,,,,,,,
3193,,,,0.23223473,-0.36539686,0.37178862,,,,
3198,,,,0.117182665,-0.40374753,0.3419603,,,,
3203,-1.9440918,-1.292869,8.1402855,,,,,,,
3204,,,,-0.006391781,-0.40374753,0.32917675,,,,
3205,,,,,,,32.8125,-19.875,-42.875,
3208,,,,-0.120378554,-0.36646214,0.33237264,,,,
3213,-1.8962077,-1.5131354,8.734048,,,,,,,
3214,,,,-0.2087982,-0.30893612,0.35474387,,,,
3218,,,,-0.26525894,-0.23436533,0.3877681,,,,
3223,-1.8579005,-1.5610195,9.308656,,,,,,,
3224,,,,-0.28869548,-0.16725162,0.42611876,,,,
3225,,,,,,,32.6875,-20,-42.8125,
3228,,,,-0.28336897,-0.11505207,0.46873066,,,,
3233,-1.5993267,-1.484405,9.5385,,,,,,,
3233,,,,-0.24927948,-0.07883197,0.5156037,,,,
3238,,,,-0.18962285,-0.06178722,0.56247675,,,,
3243,-1.2641385,-1.3694834,9.452309,,,,,,,
3244,,,,-0.11079088,-0.046873067,0.60828453,,,,
3245,,,,,,,32.25,-20.0625,-42.75,
3248,,,,-0.026632423,-0.03835069,0.65089643,,,,
3253,-0.90979666,-1.1587936,8.973468,,,,,,,
3253,,,,0.04900366,-0.04154658,0.68072474,,,,
3258,,,,0.119313255,-0.057526033,0.6999001,,,,
3264,-0.6512229,-0.82360536,8.6574335,,,,,,,
3264,,,,0.18429637,-0.08735435,0.7041613,,,,
3266,,,,,,,32.1875,-19.875,-42.6875,
3268,,,,0.24608359,-0.122509144,0.692443,,,,
3273,-0.37349546,-0.58418524,8.025364,,,,,,,
3274,,,,0.29934844,-0.16299044,0.66794115,,,,
3278,,,,0.33024204,-0.2056023,0.6317211,,,,
3284,-0.35434186,-0.24899697,7.517793,,,,,,,
3284,,,,0.33769912,-0.24075711,0.5901745,,,,
3285,,,,,,,31.8125,-20.0625,-42.5625,
3288,,,,0.32811147,-0.26419365,0.5401055,,,,
3293,-0.37349546,-0.15322891,7.2113357,,,,,,,
3294,,,,0.30147904,-0.27271602,0.4953631,,,,
3298,,,,0.25673655,-0.26525894,0.4559471,,,,
3304,-0.58418524,-0.1436521,7.1155677,,,,,,,
3304,,,,0.19707993,-0.23649593,0.41653112,,,,
3305,,,,,,,31.8125,-20.0625,-42.5,
3308,,,,0.12996623,-0.19281875,0.38883337,,,,
3313,-0.6607997,-0.22984336,7.1634517,,,,,,,
3313,,,,0.06285252,-0.14274979,0.36752746,,,,
3318,,,,-0.006391781,-0.09800732,0.351548,,,,
3324,-0.7565677,-0.29688102,7.335834,,,,,,,
3324,,,,-0.064983115,-0.0692443,0.33769912,,,,
3325,,,,,,,31.75,-20.0625,-42.4375,
3328,,,,-0.116117366,-0.063917816,0.32171968,,,,
3333,-0.79487497,-0.40222588,7.747637,,,,,,,
3333,,,,-0.15233746,-0.08628905,0.3078708,,,,
3338,,,,-0.16618632,-0.120378554,0.29828313,,,,
3343,-0.6607997,-0.51714754,8.274361,,,,,,,
3344,,,,-0.16725162,-0.15553336,0.29295665,,,,
3345,,,,,,,31.625,-20.375,-42.3125,
3348,,,,-0.15340276,-0.18323107,0.28763017,,,,
3353,-0.49799395,-0.48841715,8.916007,,,,,,,
3354,,,,-0.1374233,-0.19601464,0.2823037,,,,
3358,,,,-0.11505207,-0.19175345,0.26632422,,,,
3363,-0.22026655,-0.45968673,9.222465,,,,,,,
3363,,,,-0.09907261,-0.17896989,0.24501829,,,,
3364,,,,,,,31.5625,-20.625,-42.4375,
3368,,,,-0.091615535,-0.15553336,0.21732058,,,,
3373,0,-0.38307226,9.222465,,,,,,,
3374,,,,-0.09587672,-0.1395539,0.18536167,,,,
3378,,,,-0.10972559,-0.13422741,0.14381509,,,,
3379,,,,,,,,,,143
3383,-0.11492168,-0.32561144,9.126697,,,,,,,
3383,,,,-0.13209683,-0.13316211,0.09907261,,,,
3384,,,,,,,31.25,-20.875,-42.25,
3388,,,,-0.15872924,-0.1384886,0.05113425,,,,
3393,-0.22984336,-0.39264908,9.232041,,,,,,,
3394,,,,-0.18536167,-0.1374233,0.011718267,,,,
3398,,,,-0.21732058,-0.13209683,-0.020240642,,,,
3403,-0.33518824,-0.5267244,9.404425,,,,,,,
3403,,,,-0.243953,-0.116117366,-0.043677174,,,,
3404,,,,,,,31.1875,-21,-42.3125,
3408,,,,-0.26738954,-0.09694202,-0.057526033,,,,
3413,-0.47884035,-0.61291564,9.5385,,,,,,,
3413,,,,-0.28336897,-0.07989727,-0.06285252,,,,
3418,,,,-0.29189137,-0.07137489,-0.063917816,,,,
3424,-0.60333884,-0.7182605,9.739613,,,,,,,
3424,,,,-0.29508725,-0.07137489,-0.063917816,,,,
3425,,,,,,,30.8125,-21.1875,-42.25,
3428,,,,-0.29828313,-0.046873067,-0.059656627,,,,
3433,-0.4213795,-0.60333884,10.151415,,,,,,,
3433,,,,-0.29721785,-0.034089502,-0.06178722,,,,
3438,,,,-0.2844343,-0.054330144,-0.06178722,,,,
3443,-0.6799533,-0.7086837,10.151415,,,,,,,
3444,,,,-0.24501829,-0.07350549,-0.057526033,,,,
3445,,,,,,,30.9375,-21.1875,-42.375,
3448,,,,-0.20347172,-0.07989727,-0.053264845,,,,
3453,-0.40222588,-0.7278373,10.400413,,,,,,,
3454,,,,-0.18429637,-0.07244019,-0.050068956,,,,
3458,,,,-0.18536167,-0.058591332,-0.04900366,,,,
3464,-0.31603462,-0.49799395,10.563218,,,,,,,
3464,,,,-0.1725781,-0.046873067,-0.039415985,,,,
3468,,,,-0.14061919,-0.03728539,-0.03089361,,,,
3473,-0.1340753,-0.4309563,10.726024,,,,,,,
3474,,,,-0.09055024,-0.043677174,-0.035154797,,,,
3478,,,,-0.023436533,-0.07563608,-0.04793836,,,,
3484,0.038307227,-0.08619126,10.773908,,,,,,,
3484,,,,0.07244019,-0.11079088,-0.057526033,,,,
3485,,,,,,,30.5,-21.25,-42.5,
3488,,,,0.15446806,-0.14168449,-0.0692443,,,,
3493,-0.019153614,0.15322891,9.921572,,,,,,,
3493,,,,0.19494934,-0.16938221,-0.08309316,,,,
3498,,,,0.20347172,-0.17790459,-0.09055024,,,,
3504,0.1340753,0.22026655,9.442732,,,,,,,
3505,,,,,,,30.1875,-21.125,-42.5,
3505,,,,0.19707993,-0.16938221,-0.09587672,,,,
3508,,,,0.18749227,-0.1374233,-0.10013791,,,,
3513,0.1340753,0.48841715,9.184157,,,,,,,
3514,,,,0.1747087,-0.09800732,-0.11079088,,,,
3518,,,,0.15979454,-0.053264845,-0.122509144,,,,
3524,0.076614454,0.641646,8.935161,,,,,,,
3524,,,,0.15233746,-0.023436533,-0.1374233,,,,
3525,,,,,,,30,-21.0625,-42.5,
3528,,,,0.15020686,-0.009587673,-0.15340276,,,,
3533,-0.047884032,0.5554548,8.647857,,,,,,,
3534,,,,0.15766394,-0.019175345,-0.17044751,,,,
3538,,,,0.17151281,-0.043677174,-0.18749227,,,,
3544,-0.05746084,0.4405331,8.734048,,,,,,,
3544,,,,0.19068815,-0.07350549,-0.19814523,,,,
3545,,,,,,,30.25,-20.875,-42.625,
3548,,,,0.204537,-0.094811425,-0.20347172,,,,
3553,-0.047884032,0.46926352,8.781932,,,,,,,
3554,,,,0.21625528,-0.10866029,-0.21412468,,,,
3558,,,,0.2109288,-0.117182665,-0.23010413,,,,
3564,-0.16280572,0.47884035,8.963891,,,,,,,
3565,,,,0.19388404,-0.11292148,-0.24714889,,,,
3568,,,,0.17044751,-0.10120321,-0.26206306,,,,
3573,-0.37349546,0.25857377,8.829816,,,,,,,
3574,,,,0.1374233,-0.09055024,-0.27271602,,,,
3579,,,,0.09587672,-0.07776668,-0.28336897,,,,
3584,-0.5363012,-0.1436521,8.839393,,,,,,,
3585,,,,,,,30.1875,-20.6875,-42.625,
3585,,,,0.04261188,-0.059656627,-0.29295665,,,,
3589,,,,-0.01384886,-0.050068956,-0.30147904,,,,
3594,-0.48841715,-0.37349546,9.011775,,,,,,,
3594,,,,-0.07244019,-0.05113425,-0.3163932,,,,
3598,,,,-0.13529271,-0.054330144,-0.33663383,,,,
3603,-0.45010993,-0.641646,9.56723,,,,,,,
3604,,,,-0.19494934,-0.070309594,-0.35900506,,,,
3604,,,,,,,29.9375,-20.75,-42.6875,
3608,,,,-0.2428877,-0.088419646,-0.3877681,,,,
3613,-0.4405331,-0.79487497,10.189722,,,,,,,
3613,,,,-0.2791078,-0.088419646,-0.4218576,,,,
3618,,,,-0.3163932,-0.07563608,-0.4474247,,,,
3623,-0.58418524,-1.1492168,10.860099,,,,,,,
3624,,,,-0.34302562,-0.059656627,-0.4506206,,,,
3624,,,,,,,29.9375,-20.8125,-42.625,
3628,,,,-0.36326626,-0.039415985,-0.43890235,,,,
3633,-0.6895301,-1.2641385,11.166556,,,,,,,
3633,,,,-0.3472868,-0.023436533,-0.4112046,,,,
3638,,,,-0.30467492,-0.006391781,-0.37285393,,,,
3643,-0.79487497,-1.1683705,11.262324,,,,,,,
3644,,,,-0.23756121,0.003195891,-0.32491556,,,,
3645,,,,,,,29.8125,-20.8125,-42.625,
3648,,,,-0.15553336,0.009587673,-0.2737813,,,,
3653,-0.63206923,-0.93852705,10.70687,,,,,,,
3653,,,,-0.07563608,0.019175345,-0.2098635,,,,
3658,,,,-0.003195891,0.043677174,-0.15553336,,,,
3663,-0.29688102,-0.49799395,10.0748005,,,,,,,
3664,,,,0.05113425,0.07137489,-0.10759499,,,,
3665,,,,,,,29.8125,-20.9375,-42.5625,
3668,,,,0.088419646,0.092680834,-0.06285252,,,,
3673,-0.15322891,-0.1340753,9.346964,,,,,,,
3673,,,,0.116117366,0.10972559,-0.031958908,,,,
3678,,,,0.13103153,0.116117366,-0.01384886,,,,
3684,-0.12449849,0.16280572,8.7532015,,,,,,,
3684,,,,0.1374233,0.1054644,-0.012783563,,,,
3685,,,,,,,29.75,-20.75,-42.4375,
3688,,,,0.13529271,0.09374613,-0.014914157,,,,
3693,-0.08619126,0.4405331,8.504205,,,,,,,
3694,,,,0.12463974,0.08202787,-0.020240642,,,,
3698,,,,0.10866029,0.0692443,-0.028763017,,,,
3704,-0.21068975,0.5267244,8.39886,,,,,,,
3704,,,,0.09907261,0.058591332,-0.036220096,,,,
3705,,,,,,,29.5625,-20.875,-42.375,
3708,,,,0.09374613,0.04154658,-0.039415985,,,,
3713,-0.29688102,0.7374141,8.37013,,,,,,,
3714,,,,0.1022685,0.015979454,-0.046873067,,,,
3718,,,,0.116117366,-0.008522376,-0.044742472,,,,
3723,-0.22984336,0.79487497,8.360553,,,,,,,
3724,,,,0.12783563,-0.035154797,-0.04154658,,,,
3724,,,,,,,29.5,-20.875,-42.375,
3728,,,,0.13529271,-0.059656627,-0.039415985,,,,
3733,-0.21068975,0.82360536,8.331821,,,,,,,
3734,,,,0.1374233,-0.07563608,-0.03089361,,,,
3738,,,,0.1384886,-0.08096257,-0.022371236,,,,
3744,-0.16280572,0.8331822,8.504205,,,,,,,
3744,,,,0.13529271,-0.07989727,-0.012783563,,,,
3745,,,,,,,29.3125,-20.875,-42.4375,
3748,,,,0.119313255,-0.064983115,-0.009587673,,,,
3753,-0.11492168,0.7661445,8.647857,,,,,,,
3753,,,,0.09055024,-0.050068956,-0.011718267,,,,
3758,,,,0.05539544,-0.035154797,-0.02130594,,,,
3763,-0.18195933,0.61291564,9.11712,,,,,,,
3764,,,,0.028763017,-0.029828314,-0.026632423,,,,
3764,,,,,,,29.3125,-20.75,-42.4375,
3768,,,,0.004261188,-0.03089361,-0.031958908,,,,
3773,-0.21068975,0.45010993,9.404425,,,,,,,
3773,,,,-0.007457078,-0.03728539,-0.043677174,,,,
3778,,,,-0.019175345,-0.04793836,-0.057526033,,,,
3784,-0.38307226,0.2681506,9.624691,,,,,,,
3784,,,,-0.031958908,-0.06285252,-0.07670138,,,,
3785,,,,,,,29.125,-20.8125,-42.5,
3788,,,,-0.04793836,-0.07457078,-0.092680834,,,,
3793,-0.4405331,-0.019153614,9.902418,,,,,,,
3794,,,,-0.064983115,-0.07776668,-0.1054644,,,,
3798,,,,-0.08735435,-0.07350549,-0.116117366,,,,
3803,-0.50757074,-0.1340753,10.151415,,,,,,,
3804,,,,-0.11292148,-0.063917816,-0.120378554,,,,
3804,,,,,,,29.3125,-20.8125,-42.375,
3808,,,,-0.14381509,-0.045807768,-0.12357444,,,,
3813,-0.62249243,-0.23942018,10.323798,,,,,,,
3813,,,,-0.17044751,-0.03089361,-0.12463974,,,,
3818,,,,-0.18749227,-0.007457078,-0.12144385,,,,
3824,-0.6512229,-0.31603462,10.46745,,,,,,,
3824,,,,-0.19175345,0.007457078,-0.11505207,,,,
3828,,,,-0.17896989,0.02130594,-0.1022685,,,,
3833,-0.58418524,-0.34476504,10.716447,,,,,,,
3834,,,,-0.15233746,0.035154797,-0.08096257,,,,
3838,,,,-0.117182665,0.044742472,-0.053264845,,,,
3844,-0.6799533,-0.30645782,10.620679,,,,,,,
3845,,,,-0.07244019,0.039415985,-0.022371236,,,,
3849,,,,-0.02769772,0.031958908,0.009587673,,,,
3853,-0.61291564,-0.16280572,10.228029,,,,,,,
3855,,,,0.01065297,0.029828314,0.034089502,,,,
3860,,,,0.036220096,0.025567126,0.05539544,,,,
3863,-0.32561144,0.05746084,9.854534,,,,,,,
3864,,,,0.045807768,0.033024207,0.067113705,,,,
3865,,,,,,,29.1875,-20.5625,-42.5,
3868,,,,0.03835069,0.040481284,0.07989727,,,,
3873,-0.18195933,0.17238252,9.548077,,,,,,,
3873,,,,0.035154797,0.044742472,0.08628905,,,,
3878,,,,0.031958908,0.046873067,0.088419646,,,,
3883,-0.11492168,0.4213795,9.32781,,,,,,,
3884,,,,0.028763017,0.034089502,0.091615535,,,,
3884,,,,,,,29.125,-20.6875,-42.25,
3888,,,,0.03089361,0.017044751,0.08735435,,,,
3893,-0.038307227,0.62249243,9.097966,,,,,,,
3893,,,,0.033024207,-0.002130594,0.08096257,,,,
3898,,,,0.025567126,-0.015979454,0.07457078,,,,
3904,0.019153614,0.78529817,8.992621,,,,,,,
3904,,,,0.006391781,-0.022371236,0.07350549,,,,
3908,,,,,,,29.25,-20.6875,-42,
3909,,,,-0.011718267,-0.02450183,0.070309594,,,,
3913,0.17238252,0.90021986,8.983045,,,,,,,
3914,,,,-0.03728539,-0.015979454,0.063917816,,,,
3918,,,,-0.058591332,-0.004261188,0.05646074,,,,
3923,0.33518824,1.0055647,9.002198,,,,,,,
3924,,,,-0.07989727,0.012783563,0.044742472,,,,
3925,,,,,,,29.125,-20.5625,-42,
3928,,,,-0.10013791,0.015979454,0.02769772,,,,
3933,0.35434186,0.9864111,9.030929,,,,,,,
3934,,,,-0.11505207,0.020240642,0.01384886,,,,
3938,,,,-0.122509144,0.01065297,-0.003195891,,,,
3944,0.21068975,0.8331822,9.193734,,,,,,,
3944,,,,-0.119313255,-0.006391781,-0.014914157,,,,
3945,,,,,,,29.25,-20.375,-42.0625,
3948,,,,-0.113986775,-0.020240642,-0.015979454,,,,
3954,-0.047884032,0.5363012,8.801085,,,,,,,
3955,,,,-0.12677033,-0.040481284,-0.012783563,,,,
3955,,,,,,,,,,130
3958,,,,-0.17683929,-0.05539544,-0.004261188,,,,
3964,-0.06703765,0.36391866,9.097966,,,,,,,
3964,,,,,,,29.25,-20.5625,-42.0625,
3965,,,,-0.20027582,-0.057526033,-0.002130594,,,,
3968,,,,-0.20134112,-0.067113705,0,,,,
3973,-0.18195933,0.16280572,9.548077,,,,,,,
3973,,,,-0.18642697,-0.07244019,-0.004261188,,,,
3978,,,,-0.16299044,-0.07137489,0.002130594,,,,
3983,-0.30645782,0.10534488,9.739613,,,,,,,
3983,,,,-0.14274979,-0.060721926,0.01065297,,,,
3984,,,,,,,29.125,-20.5625,-42.125,
3988,,,,-0.12783563,-0.053264845,0.022371236,,,,
3993,-0.37349546,0.10534488,9.797073,,,,,,,
3993,,,,-0.113986775,-0.046873067,0.034089502,,,,
3998,,,,-0.1022685,-0.043677174,0.04154658,,,,
4003,-0.23942018,0.36391866,9.77792,,,,,,,
4004,,,,-0.088419646,-0.04154658,0.043677174,,,,
4004,,,,,,,29.0625,-20.5,-42.125,
4008,,,,-0.08202787,-0.040481284,0.03835069,,,,
4013,-0.05746084,0.40222588,9.940725,,,,,,,
4013,,,,-0.07563608,-0.03835069,0.034089502,,,,
4018,,,,-0.070309594,-0.036220096,0.03089361,,,,
4024,-0.11492168,0.37349546,10.151415,,,,,,,
4024,,,,-0.053264845,-0.03089361,0.031958908,,,,
4024,,,,,,,29.3125,-20.3125,-42.25,
4028,,,,-0.026632423,-0.02450183,0.04261188,,,,
4033,-0.21068975,0.46926352,10.093954,,,,,,,
4033,,,,-0.004261188,-0.02450183,0.058591332,,,,
4038,,,,0.01065297,-0.03089361,0.068179004,,,,
4043,-0.17238252,0.5267244,9.797073,,,,,,,
4044,,,,0.019175345,-0.03835069,0.07670138,,,,
4045,,,,,,,29.4375,-20.125,-42.5,
4048,,,,0.020240642,-0.039415985,0.07776668,,,,
4053,-0.11492168,0.6607997,9.299079,,,,,,,
4054,,,,0.006391781,-0.036220096,0.07776668,,,,
4058,,,,-0.02450183,-0.03728539,0.07244019,,,,
4064,-0.038307227,0.6895301,9.069236,,,,,,,
4064,,,,-0.06285252,-0.034089502,0.058591332,,,,
4065,,,,,,,29.5,-20.25,-42.625,
4068,,,,-0.091615535,-0.026632423,0.045807768,,,,
4073,-0.06703765,0.5554548,9.165004,,,,,,,
4074,,,,-0.10759499,-0.018110048,0.034089502,,,,
4078,,,,-0.11079088,-0.012783563,0.03089361,,,,
4084,-0.20111294,0.4405331,9.299079,,,,,,,
4084,,,,-0.11292148,-0.011718267,0.03089361,,,,
4085,,,,,,,29.625,-20.4375,-42.625,
4088,,,,-0.10759499,-0.011718267,0.03089361,,,,